"name","family","class","Judith","Leo","Maryke"
"1","(CATTC)n","Satellite","Satellite",3,0,0
"2","(GAATG)n","Satellite","Satellite",102,21,25
"3","6kbHsap","acro","Satellite",690,257,248
"4","7SK","RNA","RNA",188,86,14
"5","ACRO1","acro","Satellite",18,15,0
"6","ALR/Alpha","centr","Satellite",13,0,7
"7","ALRY-MAJOR_PT","Y-chromosome","Satellite",12764,8861,22011
"8","ALRY-MINOR_PT","Y-chromosome","Satellite",0,0,0
"9","Alu","Alu","SINE",625,265,170
"10","AluJb","Alu","SINE",84521,43781,27143
"11","AluJo","Alu","SINE",23796,10888,8214
"12","AluJr4","Alu","SINE",4649,2261,1295
"13","AluJr","Alu","SINE",64968,29728,19449
"14","AluSc5","Alu","SINE",1922,770,609
"15","AluSc8","Alu","SINE",11847,5106,3186
"16","AluSc","Alu","SINE",23177,8893,5716
"17","AluSg4","Alu","SINE",5539,2527,1378
"18","AluSg7","Alu","SINE",5232,2479,1682
"19","AluSg","Alu","SINE",23224,10307,7769
"20","AluSp","Alu","SINE",50087,20351,14474
"21","AluSq10","Alu","SINE",432,173,80
"22","AluSq2","Alu","SINE",31250,14712,8864
"23","AluSq4","Alu","SINE",1292,653,373
"24","AluSq","Alu","SINE",6492,2804,1857
"25","AluSx1","Alu","SINE",66320,25520,18758
"26","AluSx3","Alu","SINE",16900,6378,8770
"27","AluSx4","Alu","SINE",6293,2761,2110
"28","AluSx","Alu","SINE",79215,33654,24793
"29","AluSz6","Alu","SINE",22652,10677,6567
"30","AluSz","Alu","SINE",62235,27899,19191
"31","AluY","Alu","SINE",62748,29307,18868
"32","AluYa5","Alu","SINE",8,6,6
"33","AluYa8","Alu","SINE",21,5,1
"34","AluYb8","Alu","SINE",10,4,16
"35","AluYb9","Alu","SINE",0,3,2
"36","AluYc3","Alu","SINE",251,61,130
"37","AluYc","Alu","SINE",1867,705,540
"38","AluYd8","Alu","SINE",0,0,0
"39","AluYe5","Alu","SINE",1481,246,583
"40","AluYe6","Alu","SINE",219,72,23
"41","AluYf1","Alu","SINE",704,226,150
"42","AluYg6","Alu","SINE",32,10,9
"43","AluYh3","Alu","SINE",1255,447,337
"44","AluYh9","Alu","SINE",36,9,1
"45","AluYi6","Alu","SINE",60,17,4
"46","AluYk11","Alu","SINE",75,27,6
"47","AluYk12","Alu","SINE",7,2,1
"48","AluYk2","Alu","SINE",3339,1472,672
"49","AluYk3","Alu","SINE",14767,10613,6764
"50","AluYk4","Alu","SINE",297,95,95
"51","AluYm1","Alu","SINE",1848,1065,439
"52","AmnHarb1","PIF-Harbinger","DNA",165,89,8
"53","AmnL2-1","L2","LINE",584,276,186
"54","AmnSINE1","5S-Deu-L2","SINE",467,186,111
"55","Arthur1","hAT-Tip100","DNA",395,130,92
"56","Arthur1A","hAT-Tip100","DNA",282,103,54
"57","Arthur1B","hAT-Tip100","DNA",338,145,93
"58","Arthur1C","hAT-Tip100","DNA",72,17,7
"59","Arthur2","hAT-Tip100","DNA",166,51,35
"60","BLACKJACK","hAT-Blackjack","DNA",921,393,320
"61","BSR/Beta","Satellite","Satellite",2397,638,522
"62","CER","Satellite","Satellite",0,0,0
"63","CR1-11_Crp","CR1","LINE",12,18,14
"64","CR1-12_AMi","CR1","LINE",72,29,24
"65","CR1-13_AMi","CR1","LINE",22,0,0
"66","CR1-16_AMi","CR1","LINE",32,7,0
"67","CR1-1_Amn","CR1","LINE",3,2,0
"68","CR1-3_Croc","CR1","LINE",215,51,60
"69","CR1-L3A_Croc","CR1","LINE",25,16,10
"70","CR1-L3B_Croc","CR1","LINE",25,0,0
"71","CR1_Mam","CR1","LINE",528,195,57
"72","Chap1_Mam","hAT-Charlie","DNA",54,23,50
"73","Chap1a_Mam","hAT-Charlie","DNA",200,66,59
"74","Charlie10","hAT-Charlie","DNA",166,79,37
"75","Charlie10a","hAT-Charlie","DNA",79,41,74
"76","Charlie10b","hAT-Charlie","DNA",18,5,10
"77","Charlie11","hAT-Charlie","DNA",36,26,14
"78","Charlie12","hAT-Charlie","DNA",0,0,0
"79","Charlie13a","hAT-Charlie","DNA",125,45,30
"80","Charlie13b","hAT-Charlie","DNA",54,21,8
"81","Charlie14a","hAT-Charlie","DNA",107,44,23
"82","Charlie15a","hAT-Charlie","DNA",935,402,173
"83","Charlie15b","hAT-Charlie","DNA",588,234,171
"84","Charlie16","hAT-Charlie","DNA",617,264,176
"85","Charlie16a","hAT-Charlie","DNA",256,65,56
"86","Charlie17","hAT-Charlie","DNA",360,161,90
"87","Charlie17a","hAT-Charlie","DNA",731,225,223
"88","Charlie17b","hAT-Charlie","DNA",201,83,37
"89","Charlie18a","hAT-Charlie","DNA",662,275,154
"90","Charlie19a","hAT-Charlie","DNA",755,204,166
"91","Charlie1","hAT-Charlie","DNA",961,371,260
"92","Charlie1a","hAT-Charlie","DNA",2451,1119,764
"93","Charlie1b","hAT-Charlie","DNA",794,220,180
"94","Charlie20a","hAT-Charlie","DNA",157,63,21
"95","Charlie21a","hAT-Charlie","DNA",263,79,34
"96","Charlie22a","hAT-Charlie","DNA",273,93,109
"97","Charlie23a","hAT-Charlie","DNA",548,154,121
"98","Charlie24","hAT-Charlie","DNA",125,57,19
"99","Charlie25","hAT-Charlie","DNA",217,126,62
"100","Charlie26a","hAT-Charlie","DNA",55,26,8
"101","Charlie29a","hAT-Charlie","DNA",231,92,78
"102","Charlie29b","hAT-Charlie","DNA",487,303,145
"103","Charlie2a","hAT-Charlie","DNA",435,161,118
"104","Charlie2b","hAT-Charlie","DNA",1401,585,479
"105","Charlie30a","hAT-Charlie","DNA",124,71,77
"106","Charlie30b","hAT-Charlie","DNA",118,41,47
"107","Charlie31a","hAT-Charlie","DNA",205,66,68
"108","Charlie32a","hAT-Charlie","DNA",13,7,5
"109","Charlie3","hAT-Charlie","DNA",611,261,163
"110","Charlie4","hAT-Charlie","DNA",146,44,35
"111","Charlie4a","hAT-Charlie","DNA",617,268,124
"112","Charlie4z","hAT-Charlie","DNA",2404,1016,730
"113","Charlie5","hAT-Charlie","DNA",3897,1597,1770
"114","Charlie6","hAT-Charlie","DNA",73,32,11
"115","Charlie7","hAT-Charlie","DNA",1443,532,496
"116","Charlie7a","hAT-Charlie","DNA",180,76,32
"117","Charlie7b_Mars","hAT-Charlie","DNA",35,24,1
"118","Charlie8","hAT-Charlie","DNA",1163,442,356
"119","Charlie9","hAT-Charlie","DNA",197,77,61
"120","Cheshire","hAT-Charlie","DNA",546,330,131
"121","Chompy-6_Croc","PIF-Harbinger","DNA",0,0,0
"122","D20S16","Satellite","Satellite",14,6,1
"123","DNA1_Mam","TcMar-Tc1","DNA",86,21,44
"124","ERV24B_Prim-int","ERV1","LTR",230,71,49
"125","ERV24_Prim-int","ERV1","LTR",207,36,13
"126","ERV3-16A3_I-int","ERVL","LTR",3210,1488,669
"127","ERV3-16A3_LTR","ERVL","LTR",293,63,73
"128","ERVL-B4-int","ERVL","LTR",3681,1894,1474
"129","ERVL-E-int","ERVL","LTR",5763,3703,1657
"130","ERVL-int","ERVL","LTR",140,71,38
"131","ERVL47-int","ERVL","LTR",26,7,3
"132","EUTREP14","EUTREP14","Unknown",84,30,81
"133","EUTREP15","ERV1","LTR",125,113,106
"134","EUTREP16","LTR","LTR",64,20,5
"135","EUTREP2","hAT","DNA",261,70,80
"136","EUTREP4","PiggyBac","DNA",29,10,3
"137","EUTREP6","EUTREP6","Unknown",2,0,0
"138","EUTREP7","ERV1","LTR",47,4,20
"139","EUTREP8","LTR","LTR",21,15,14
"140","Eulor10","DNA","DNA",1,0,0
"141","Eulor11","DNA","DNA",3,0,0
"142","Eulor12","DNA","DNA",15,17,22
"143","Eulor1","DNA","DNA",31,6,8
"144","Eulor2A","DNA","DNA",3,1,0
"145","Eulor2B","DNA","DNA",13,0,1
"146","Eulor2C","DNA","DNA",1,3,1
"147","Eulor3","DNA","DNA",5,2,0
"148","Eulor4","Eulor4","Unknown",9,5,0
"149","Eulor5A","Crypton-A","DNA",9,0,0
"150","Eulor5B","Crypton-A","DNA",1,4,0
"151","Eulor6A","Crypton","DNA",7,0,0
"152","Eulor6B","Crypton","DNA",0,0,0
"153","Eulor6C","Crypton","DNA",0,0,0
"154","Eulor6D","Crypton","DNA",10,11,0
"155","Eulor6E","Crypton","DNA",0,0,0
"156","Eulor7","DNA","DNA",0,0,0
"157","Eulor8","TcMar","DNA",56,7,13
"158","Eulor9A","DNA","DNA",12,6,9
"159","Eulor9B","DNA","DNA",12,0,0
"160","Eulor9C","DNA","DNA",21,1,0
"161","EutTc1-N1","TcMar-Tc1","DNA",6,0,0
"162","EutTc1-N2","TcMar-Tc1","DNA",57,33,44
"163","EuthAT-2","hAT-Ac","DNA",714,289,190
"164","EuthAT-N1","hAT-Tip100","DNA",5,0,0
"165","EuthAT-N1a","hAT-Tip100","DNA",6,0,0
"166","Eutr10","ERVL","LTR",263,158,57
"167","Eutr11","DNA","DNA",190,75,25
"168","Eutr15","hAT-Tip100","DNA",120,48,30
"169","Eutr16","hAT-Tip100","DNA",218,87,74
"170","Eutr18","LTR","LTR?",140,44,41
"171","Eutr2","MULE-MuDR","DNA",38,20,33
"172","Eutr2B","MULE-MuDR","DNA",159,38,13
"173","Eutr5","LTR","LTR?",191,59,67
"174","FAM","Alu","SINE",729,285,210
"175","FLAM_A","Alu","SINE",3866,1757,1158
"176","FLAM_C","Alu","SINE",5233,2010,1644
"177","FRAM","Alu","SINE",5118,2115,1421
"178","FordPrefect","hAT-Tip100","DNA",251,114,38
"179","FordPrefect_a","hAT-Tip100","DNA",50,11,9
"180","GSAT","centr","Satellite",10,4,0
"181","GSATII","centr","Satellite",12,3,0
"182","GSATX","centr","Satellite",118,34,17
"183","HAL1","L1","LINE",9623,4459,2384
"184","HAL1M8","L1","LINE",1122,678,611
"185","HAL1ME","L1","LINE",2736,1024,813
"186","HAL1b","L1","LINE",1589,612,505
"187","HERV-Fc1-int","ERV1","LTR",0,0,0
"188","HERV-Fc1_LTR1","ERV1","LTR",83,15,42
"189","HERV-Fc1_LTR2","ERV1","LTR",0,0,0
"190","HERV-Fc1_LTR3","ERV1","LTR",1,1,0
"191","HERV-Fc2-int","ERV1","LTR",2,0,3
"192","HERV-Fc2_LTR","ERV1","LTR",0,0,0
"193","HERV15-int","ERV1","LTR",325,97,71
"194","HERV16-int","ERVL","LTR",936,493,269
"195","HERV17-int","ERV1","LTR",3625,1752,1212
"196","HERV1_I-int","ERV1","LTR",158,30,66
"197","HERV1_LTRa","ERV1","LTR",11,0,0
"198","HERV1_LTRb","ERV1","LTR",0,0,0
"199","HERV1_LTRc","ERV1","LTR",4,0,0
"200","HERV1_LTRd","ERV1","LTR",0,12,0
"201","HERV1_LTRe","ERV1","LTR",3,0,0
"202","HERV3-int","ERV1","LTR",142,26,67
"203","HERV30-int","ERV1","LTR",6,17,2
"204","HERV35I-int","ERV1","LTR",93,41,35
"205","HERV4_I-int","ERV1","LTR",227,95,80
"206","HERV9-int","ERV1","LTR",208,88,51
"207","HERV9N-int","ERV1","LTR",693,293,173
"208","HERV9NC-int","ERV1","LTR",416,100,97
"209","HERVE-int","ERV1","LTR",327,87,45
"210","HERVE_a-int","ERV1","LTR",513,217,69
"211","HERVFH19-int","ERV1","LTR",197,122,48
"212","HERVFH21-int","ERV1","LTR",22,13,1
"213","HERVH-int","ERV1","LTR",4955,2301,1161
"214","HERVH48-int","ERV1","LTR",355,202,74
"215","HERVI-int","ERV1","LTR",60,20,11
"216","HERVIP10B3-int","ERV1","LTR",230,66,43
"217","HERVIP10F-int","ERV1","LTR",270,182,199
"218","HERVIP10FH-int","ERV1","LTR",403,139,120
"219","HERVK-int","ERVK","LTR",425,176,124
"220","HERVK11-int","ERVK","LTR",157,46,16
"221","HERVK11D-int","ERVK","LTR",97,17,14
"222","HERVK13-int","ERVK","LTR",45,7,2
"223","HERVK14-int","ERVK","LTR",90,41,8
"224","HERVK14C-int","ERVK","LTR",27,3,3
"225","HERVK22-int","ERVK","LTR",76,81,29
"226","HERVK3-int","ERVK","LTR",196,32,78
"227","HERVK9-int","ERVK","LTR",845,348,196
"228","HERVKC4-int","ERVK","LTR",4,1,0
"229","HERVL-int","ERVL","LTR",4140,1228,1065
"230","HERVL18-int","ERVL","LTR",211,58,49
"231","HERVL32-int","ERVL","LTR",44,12,13
"232","HERVL40-int","ERVL","LTR",830,222,338
"233","HERVL66-int","ERVL","LTR",111,34,14
"234","HERVL74-int","ERVL","LTR",85,42,0
"235","HERVP71A-int","ERV1","LTR",137,87,65
"236","HERVS71-int","ERV1","LTR",1083,500,415
"237","HSAT4","centr","Satellite",62,11,18
"238","HSAT5","Satellite","Satellite",5,1,9
"239","HSAT6","Satellite","Satellite",20,6,21
"240","HSATI","Satellite","Satellite",0,2,1
"241","HSMAR1","TcMar-Mariner","DNA",949,832,714
"242","HSMAR2","TcMar-Mariner","DNA",1059,413,324
"243","HUERS-P1-int","ERV1","LTR",289,158,77
"244","HUERS-P2-int","ERV1","LTR",148,65,20
"245","HUERS-P3-int","ERV1","LTR",247,101,43
"246","HUERS-P3b-int","ERV1","LTR",677,352,128
"247","Harlequin-int","ERV1","LTR",832,317,144
"248","Helitron1Na_Mam","Helitron","RC",292,72,53
"249","Helitron1Nb_Mam","Helitron","RC",97,12,29
"250","Helitron2Na_Mam","Helitron","RC?",95,23,8
"251","Helitron3Na_Mam","Helitron","RC",309,221,108
"252","Kanga11a","TcMar-Tc2","DNA",266,122,10
"253","Kanga1","TcMar-Tc2","DNA",302,128,89
"254","Kanga1a","TcMar-Tc2","DNA",656,155,249
"255","Kanga1b","TcMar-Tc2","DNA",48,10,2
"256","Kanga1c","TcMar-Tc2","DNA",154,58,30
"257","Kanga1d","TcMar-Tc2","DNA",42,23,19
"258","Kanga2_a","TcMar-Tc2","DNA",659,278,169
"259","L1HS","L1","LINE",109,51,14
"260","L1M1","L1","LINE",8127,1953,1835
"261","L1M2","L1","LINE",2954,1054,869
"262","L1M2a1","L1","LINE",50,1,3
"263","L1M2a","L1","LINE",774,293,292
"264","L1M2b","L1","LINE",147,8,6
"265","L1M2c","L1","LINE",2272,1435,807
"266","L1M3","L1","LINE",3880,1320,938
"267","L1M3a","L1","LINE",350,91,120
"268","L1M3b","L1","LINE",419,205,139
"269","L1M3c","L1","LINE",530,261,128
"270","L1M3d","L1","LINE",364,117,87
"271","L1M3de","L1","LINE",127,30,23
"272","L1M3e","L1","LINE",145,55,39
"273","L1M3f","L1","LINE",264,122,42
"274","L1M4","L1","LINE",7834,3819,2200
"275","L1M4a1","L1","LINE",618,198,122
"276","L1M4a2","L1","LINE",900,525,262
"277","L1M4b","L1","LINE",2079,767,438
"278","L1M4c","L1","LINE",1488,536,328
"279","L1M5","L1","LINE",16656,7236,4585
"280","L1M6","L1","LINE",1990,768,664
"281","L1M6B","L1","LINE",62,17,10
"282","L1M7","L1","LINE",1129,550,449
"283","L1M8","L1","LINE",610,382,256
"284","L1M","L1","LINE",92,45,34
"285","L1MA10","L1","LINE",1772,686,491
"286","L1MA1","L1","LINE",12039,8662,4913
"287","L1MA2","L1","LINE",6005,2207,1523
"288","L1MA3","L1","LINE",9634,3658,2575
"289","L1MA4","L1","LINE",10942,4535,3292
"290","L1MA4A","L1","LINE",8898,4816,2317
"291","L1MA5","L1","LINE",2351,1070,1506
"292","L1MA5A","L1","LINE",2079,900,598
"293","L1MA6","L1","LINE",5006,1630,1173
"294","L1MA7","L1","LINE",5414,2447,1825
"295","L1MA8","L1","LINE",6685,3270,1802
"296","L1MA9","L1","LINE",8423,4267,2301
"297","L1MB1","L1","LINE",1842,681,437
"298","L1MB2","L1","LINE",3821,1307,1069
"299","L1MB3","L1","LINE",7568,3325,1787
"300","L1MB4","L1","LINE",4390,2113,1393
"301","L1MB5","L1","LINE",6592,2656,1719
"302","L1MB7","L1","LINE",11197,4745,2855
"303","L1MB8","L1","LINE",15123,7787,5014
"304","L1MC1","L1","LINE",8535,3861,2181
"305","L1MC2","L1","LINE",4317,1215,1029
"306","L1MC3","L1","LINE",9559,4010,2535
"307","L1MC4","L1","LINE",8593,4024,2497
"308","L1MC4a","L1","LINE",3469,1412,933
"309","L1MC5","L1","LINE",5069,1990,1379
"310","L1MC5a","L1","LINE",5897,2189,1341
"311","L1MC","L1","LINE",2582,1055,770
"312","L1MCa","L1","LINE",7935,3112,1835
"313","L1MCb","L1","LINE",693,221,201
"314","L1MCc","L1","LINE",1095,287,211
"315","L1MD1","L1","LINE",3533,1433,944
"316","L1MD2","L1","LINE",5460,2209,1450
"317","L1MD3","L1","LINE",1330,486,293
"318","L1MD","L1","LINE",3987,1417,910
"319","L1MDa","L1","LINE",3663,1738,850
"320","L1MDb","L1","LINE",580,197,76
"321","L1ME1","L1","LINE",18040,7557,4928
"322","L1ME2","L1","LINE",5930,2124,1301
"323","L1ME2z","L1","LINE",2876,1256,752
"324","L1ME3","L1","LINE",6657,2705,2426
"325","L1ME3A","L1","LINE",8706,3816,2504
"326","L1ME3B","L1","LINE",8544,3909,2693
"327","L1ME3C","L1","LINE",1912,1011,696
"328","L1ME3Cz","L1","LINE",10106,4486,2526
"329","L1ME3D","L1","LINE",1206,527,493
"330","L1ME3E","L1","LINE",1624,705,396
"331","L1ME3F","L1","LINE",2000,1013,529
"332","L1ME3G","L1","LINE",8672,3476,2523
"333","L1ME4a","L1","LINE",11432,5161,3217
"334","L1ME4b","L1","LINE",7995,3349,2122
"335","L1ME4c","L1","LINE",3837,1971,1014
"336","L1ME5","L1","LINE",752,234,230
"337","L1MEa","L1","LINE",48,24,16
"338","L1MEb","L1","LINE",491,211,61
"339","L1MEc","L1","LINE",7903,3290,2278
"340","L1MEd","L1","LINE",6059,2386,1882
"341","L1MEf","L1","LINE",17581,10547,2696
"342","L1MEg1","L1","LINE",169,33,29
"343","L1MEg2","L1","LINE",424,212,135
"344","L1MEg","L1","LINE",5180,2360,1512
"345","L1MEh","L1","LINE",1332,651,2915
"346","L1MEi","L1","LINE",7565,2998,1879
"347","L1MEj","L1","LINE",631,349,216
"348","L1P1","L1","LINE",1535,1003,966
"349","L1P2","L1","LINE",1463,632,537
"350","L1P3","L1","LINE",1938,1074,591
"351","L1P3b","L1","LINE",10,1,0
"352","L1P4","L1","LINE",3128,1952,1077
"353","L1P4a","L1","LINE",461,166,115
"354","L1P4b","L1","LINE",16,2,0
"355","L1P4c","L1","LINE",13,3,6
"356","L1P4d","L1","LINE",54,32,18
"357","L1P4e","L1","LINE",39,29,17
"358","L1P5","L1","LINE",40,16,21
"359","L1P","L1","LINE",3,0,0
"360","L1PA10","L1","LINE",4001,1524,956
"361","L1PA11","L1","LINE",3242,1241,893
"362","L1PA12","L1","LINE",1261,658,362
"363","L1PA13","L1","LINE",18637,10629,7158
"364","L1PA14","L1","LINE",2121,682,382
"365","L1PA15-16","L1","LINE",1279,437,512
"366","L1PA15","L1","LINE",4107,1650,1148
"367","L1PA16","L1","LINE",9952,4503,2785
"368","L1PA17","L1","LINE",5706,2083,1387
"369","L1PA2","L1","LINE",8441,3338,2529
"370","L1PA3","L1","LINE",22354,11058,6803
"371","L1PA4","L1","LINE",19107,9036,6326
"372","L1PA5","L1","LINE",14726,6416,3724
"373","L1PA6","L1","LINE",14119,5575,5124
"374","L1PA7","L1","LINE",15061,6831,4329
"375","L1PA8","L1","LINE",4373,1807,1055
"376","L1PA8A","L1","LINE",5671,2468,1553
"377","L1PB1","L1","LINE",13222,7384,4118
"378","L1PB2","L1","LINE",2372,1238,875
"379","L1PB3","L1","LINE",2968,1046,592
"380","L1PB4","L1","LINE",4954,1718,1806
"381","L1PB","L1","LINE",447,148,202
"382","L1PBa1","L1","LINE",461,152,107
"383","L1PBa","L1","LINE",1472,508,294
"384","L1PBb","L1","LINE",104,35,61
"385","L1PREC2","L1","LINE",4406,1819,1138
"386","L1Pt","L1","LINE",4750,1909,1503
"387","L2-1_AMi","L2","LINE",303,193,99
"388","L2-1_Crp","L2","LINE",6,2,0
"389","L2-2_Mam","L2","LINE",65,9,6
"390","L2","L2","LINE",20067,8917,5816
"391","L2a","L2","LINE",61632,25010,16040
"392","L2b","L2","LINE",33983,14686,9303
"393","L2c","L2","LINE",56529,25077,16591
"394","L2d2","L2","LINE",13042,5684,3578
"395","L2d","L2","LINE",8284,3605,2204
"396","L3","CR1","LINE",13518,5544,3579
"397","L3b","CR1","LINE",2994,994,958
"398","L4_A_Mam","RTE-X","LINE",2099,916,605
"399","L4_B_Mam","RTE-X","LINE",525,186,170
"400","L4_C_Mam","RTE-X","LINE",4249,2475,1760
"401","L5","RTE-X","LINE",42,21,18
"402","LOR1-int","ERV1","LTR",622,324,167
"403","LOR1a","ERV1","LTR",261,64,73
"404","LOR1b","ERV1","LTR",317,153,68
"405","LSAU","Satellite","Satellite",188,132,82
"406","LTR06","ERV1","LTR",60,4,6
"407","LTR101_Mam","ERVL","LTR",141,67,29
"408","LTR102_Mam","ERVL","LTR",160,91,61
"409","LTR103_Mam","ERV1","LTR",258,146,82
"410","LTR103b_Mam","ERV1","LTR",248,95,51
"411","LTR104_Mam","Gypsy","LTR",399,150,90
"412","LTR105_Mam","ERVL","LTR",131,32,3
"413","LTR106_Mam","LTR","LTR",106,23,29
"414","LTR107_Mam","LTR","LTR",69,25,7
"415","LTR108a_Mam","ERVL","LTR",59,14,0
"416","LTR108b_Mam","ERVL","LTR",3,0,18
"417","LTR108c_Mam","ERVL","LTR",12,3,0
"418","LTR108d_Mam","ERVL","LTR",0,1,0
"419","LTR108e_Mam","ERVL","LTR",18,7,22
"420","LTR109A2","ERV1","LTR",19,5,5
"421","LTR10A","ERV1","LTR",152,68,42
"422","LTR10B1","ERV1","LTR",18,4,1
"423","LTR10B2","ERV1","LTR",46,10,16
"424","LTR10B","ERV1","LTR",27,2,6
"425","LTR10C","ERV1","LTR",399,116,79
"426","LTR10D","ERV1","LTR",835,240,327
"427","LTR10E","ERV1","LTR",61,15,11
"428","LTR10F","ERV1","LTR",132,27,28
"429","LTR10G","ERV1","LTR",24,2,7
"430","LTR12","ERV1","LTR",666,390,189
"431","LTR12B","ERV1","LTR",84,21,3
"432","LTR12C","ERV1","LTR",4788,1880,1488
"433","LTR12D","ERV1","LTR",364,138,89
"434","LTR12E","ERV1","LTR",78,39,23
"435","LTR12F","ERV1","LTR",179,86,34
"436","LTR12_","ERV1","LTR",133,40,28
"437","LTR13","ERVK","LTR",330,91,38
"438","LTR13A","ERVK","LTR",143,33,32
"439","LTR13_","ERVK","LTR",19,8,2
"440","LTR14","ERVK","LTR",47,10,3
"441","LTR14A","ERVK","LTR",16,9,1
"442","LTR14B","ERVK","LTR",68,32,12
"443","LTR14C","ERVK","LTR",23,9,7
"444","LTR15","ERV1","LTR",205,57,7
"445","LTR16","ERVL","LTR",1233,576,336
"446","LTR16A1","ERVL","LTR",1273,677,551
"447","LTR16A2","ERVL","LTR",2071,880,399
"448","LTR16A","ERVL","LTR",1717,718,416
"449","LTR16B1","ERVL","LTR",366,165,41
"450","LTR16B2","ERVL","LTR",673,311,208
"451","LTR16B","ERVL","LTR",202,55,51
"452","LTR16C","ERVL","LTR",3326,1595,1009
"453","LTR16D1","ERVL","LTR",473,250,265
"454","LTR16D2","ERVL","LTR",56,16,17
"455","LTR16D","ERVL","LTR",231,92,30
"456","LTR16E1","ERVL","LTR",688,233,189
"457","LTR16E2","ERVL","LTR",1498,741,451
"458","LTR17","ERV1","LTR",493,169,112
"459","LTR18A","ERVL","LTR",10,5,0
"460","LTR18B","ERVL","LTR",72,29,0
"461","LTR18C","ERVL","LTR",2,0,0
"462","LTR19-int","ERV1","LTR",75,12,11
"463","LTR19A","ERV1","LTR",336,185,104
"464","LTR19B","ERV1","LTR",344,167,32
"465","LTR19C","ERV1","LTR",56,41,49
"466","LTR1","ERV1","LTR",125,125,41
"467","LTR1A1","ERV1","LTR",293,115,55
"468","LTR1A2","ERV1","LTR",2384,664,711
"469","LTR1B0","ERV1","LTR",31,5,8
"470","LTR1B1","ERV1","LTR",135,52,16
"471","LTR1B","ERV1","LTR",309,144,99
"472","LTR1C1","ERV1","LTR",33,8,32
"473","LTR1C3","ERV1","LTR",32,12,1
"474","LTR1C","ERV1","LTR",1094,634,482
"475","LTR1D1","ERV1","LTR",159,72,13
"476","LTR1D","ERV1","LTR",75,27,23
"477","LTR1E","ERV1","LTR",147,64,60
"478","LTR1F1","ERV1","LTR",211,125,57
"479","LTR1F2","ERV1","LTR",78,7,15
"480","LTR1F","ERV1","LTR",13,3,3
"481","LTR21A","ERV1","LTR",71,7,0
"482","LTR21B","ERV1","LTR",0,0,0
"483","LTR21C","ERV1","LTR",0,0,0
"484","LTR22","ERVK","LTR",17,11,9
"485","LTR22A","ERVK","LTR",69,24,4
"486","LTR22B1","ERVK","LTR",7,8,0
"487","LTR22B2","ERVK","LTR",7,0,0
"488","LTR22B","ERVK","LTR",46,43,17
"489","LTR22C0","ERVK","LTR",25,37,10
"490","LTR22C2","ERVK","LTR",5,1,0
"491","LTR22C","ERVK","LTR",0,0,0
"492","LTR22E","ERVK","LTR",17,15,4
"493","LTR23-int","ERV1","LTR",19,3,4
"494","LTR23","ERV1","LTR",185,73,59
"495","LTR24","ERV1","LTR",309,105,63
"496","LTR24B","ERV1","LTR",95,14,13
"497","LTR24C","ERV1","LTR",194,34,54
"498","LTR25-int","ERV1","LTR",81,32,35
"499","LTR25","ERV1","LTR",27,8,22
"500","LTR26","ERV1","LTR",182,66,46
"501","LTR26B","ERV1","LTR",67,26,3
"502","LTR26E","ERV1","LTR",85,39,29
"503","LTR2752","ERV1","LTR",47,11,4
"504","LTR27","ERV1","LTR",148,56,7
"505","LTR27B","ERV1","LTR",64,14,9
"506","LTR27C","ERV1","LTR",24,7,5
"507","LTR27D","ERV1","LTR",31,32,4
"508","LTR27E","ERV1","LTR",40,10,9
"509","LTR28","ERV1","LTR",323,202,98
"510","LTR28B","ERV1","LTR",78,26,35
"511","LTR28C","ERV1","LTR",90,36,22
"512","LTR29","ERV1","LTR",154,52,65
"513","LTR2","ERV1","LTR",449,186,95
"514","LTR2B","ERV1","LTR",146,59,22
"515","LTR2C","ERV1","LTR",118,46,13
"516","LTR30","ERV1","LTR",10,2,2
"517","LTR31","ERV1","LTR",311,135,100
"518","LTR32","ERVL","LTR",553,157,105
"519","LTR33","ERVL","LTR",3876,1582,870
"520","LTR33A","ERVL","LTR",1794,816,756
"521","LTR33A_","ERVL","LTR",557,221,169
"522","LTR33B","ERVL","LTR",205,114,56
"523","LTR33C","ERVL","LTR",125,51,53
"524","LTR34","ERV1","LTR",115,73,64
"525","LTR35","ERV1","LTR",5,2,0
"526","LTR35A","ERV1","LTR",87,60,28
"527","LTR35B","ERV1","LTR",42,7,20
"528","LTR36","ERV1","LTR",116,55,37
"529","LTR37-int","ERV1","LTR",378,144,111
"530","LTR37A","ERV1","LTR",982,488,220
"531","LTR37B","ERV1","LTR",488,189,72
"532","LTR38-int","ERV1","LTR",52,18,13
"533","LTR38","ERV1","LTR",32,7,10
"534","LTR38A1","ERV1","LTR",23,4,16
"535","LTR38B","ERV1","LTR",15,4,2
"536","LTR38C","ERV1","LTR",59,16,18
"537","LTR39-int","ERV1","LTR",68,13,5
"538","LTR39","ERV1","LTR",284,80,74
"539","LTR3","ERVK","LTR",405,174,108
"540","LTR3A","ERVK","LTR",52,25,9
"541","LTR3B","ERVK","LTR",62,6,9
"542","LTR3B_","ERVK","LTR",34,9,0
"543","LTR40A1","ERVL","LTR",197,96,45
"544","LTR40a","ERVL","LTR",337,120,96
"545","LTR40b","ERVL","LTR",277,105,78
"546","LTR40c","ERVL","LTR",303,139,187
"547","LTR41","ERVL","LTR",328,132,79
"548","LTR41B","ERVL","LTR",184,104,40
"549","LTR41C","ERVL","LTR",143,79,32
"550","LTR42","ERVL","LTR",263,136,58
"551","LTR43-int","ERV1","LTR",28,25,0
"552","LTR43","ERV1","LTR",362,218,137
"553","LTR43B","ERV1","LTR",114,34,27
"554","LTR44","ERV1","LTR",103,30,46
"555","LTR45","ERV1","LTR",25,8,7
"556","LTR45B","ERV1","LTR",161,50,13
"557","LTR45C","ERV1","LTR",117,35,34
"558","LTR46-int","ERV1","LTR",20,0,4
"559","LTR46","ERV1","LTR",41,7,12
"560","LTR47A2","ERVL","LTR",69,7,10
"561","LTR47A","ERVL","LTR",155,25,41
"562","LTR47B2","ERVL","LTR",32,4,13
"563","LTR47B3","ERVL","LTR",3,9,3
"564","LTR47B4","ERVL","LTR",5,4,2
"565","LTR47B","ERVL","LTR",19,3,0
"566","LTR48","ERV1","LTR",469,262,135
"567","LTR48B","ERV1","LTR",357,169,148
"568","LTR49-int","ERV1","LTR",941,888,392
"569","LTR49","ERV1","LTR",261,93,112
"570","LTR4","ERV1","LTR",227,62,87
"571","LTR50","ERVL","LTR",1759,915,603
"572","LTR51","ERV1","LTR",95,22,18
"573","LTR52-int","ERVL","LTR",29,14,12
"574","LTR52","ERVL","LTR",222,99,21
"575","LTR53-int","ERVL","LTR",438,112,310
"576","LTR53","ERVL","LTR",147,53,89
"577","LTR53B","ERVL","LTR",44,9,8
"578","LTR54","ERV1","LTR",334,97,84
"579","LTR54B","ERV1","LTR",164,64,54
"580","LTR55","ERVL","LTR",185,62,58
"581","LTR56","ERV1","LTR",392,159,123
"582","LTR57-int","ERVL","LTR",81,14,52
"583","LTR57","ERVL","LTR",26,14,1
"584","LTR58","ERV1","LTR",1,1,0
"585","LTR59","ERV1","LTR",10,2,10
"586","LTR5","ERVK","LTR",421,147,56
"587","LTR5A","ERVK","LTR",182,36,35
"588","LTR5B","ERVK","LTR",422,127,62
"589","LTR60","ERV1","LTR",1,0,1
"590","LTR60B","ERV1","LTR",30,16,17
"591","LTR61","ERV1","LTR",77,36,8
"592","LTR62","ERVL","LTR",217,54,60
"593","LTR64","ERV1","LTR",310,156,68
"594","LTR65","ERV1","LTR",98,24,25
"595","LTR66","ERVL","LTR",194,82,57
"596","LTR67B","ERVL","LTR",901,325,219
"597","LTR68","ERV1","LTR",61,27,7
"598","LTR69","ERVL","LTR",22,4,22
"599","LTR6A","ERV1","LTR",330,72,2
"600","LTR6B","ERV1","LTR",43,23,8
"601","LTR70","ERV1","LTR",47,0,0
"602","LTR71A","ERV1","LTR",119,70,33
"603","LTR71B","ERV1","LTR",87,31,23
"604","LTR72","ERV1","LTR",53,10,0
"605","LTR72B","ERV1","LTR",36,10,14
"606","LTR73","ERV1","LTR",218,113,82
"607","LTR75","ERVL","LTR",85,35,27
"608","LTR75B","ERVL","LTR",15,9,6
"609","LTR75_1","ERV1","LTR",96,47,23
"610","LTR76","ERV1","LTR",13,23,3
"611","LTR77","ERV1","LTR",57,28,18
"612","LTR78","ERV1","LTR",3693,2393,1487
"613","LTR78B","ERV1","LTR",727,279,144
"614","LTR79","ERVL","LTR",737,314,262
"615","LTR7","ERV1","LTR",851,479,220
"616","LTR7B","ERV1","LTR",380,127,128
"617","LTR7C","ERV1","LTR",190,69,14
"618","LTR7Y","ERV1","LTR",25,5,10
"619","LTR80A","ERVL","LTR",179,122,28
"620","LTR80B","ERVL","LTR",97,13,21
"621","LTR81","Gypsy","LTR",36,14,6
"622","LTR81A","Gypsy","LTR",222,90,107
"623","LTR81AB","Gypsy","LTR",28,12,0
"624","LTR81B","Gypsy","LTR",188,61,59
"625","LTR81C","Gypsy","LTR",417,236,188
"626","LTR82A","ERVL","LTR",298,145,105
"627","LTR82B","ERVL","LTR",469,144,91
"628","LTR83","ERVL","LTR",188,70,26
"629","LTR84a","ERVL","LTR",289,176,124
"630","LTR84b","ERVL","LTR",215,53,18
"631","LTR85a","Gypsy","LTR",519,207,223
"632","LTR85b","Gypsy","LTR",232,79,62
"633","LTR85c","Gypsy","LTR",455,224,89
"634","LTR86A1","ERVL","LTR",129,52,19
"635","LTR86A2","ERVL","LTR",57,14,2
"636","LTR86B1","ERVL","LTR",71,20,3
"637","LTR86B2","ERVL","LTR",55,5,16
"638","LTR86C","ERVL","LTR",258,68,45
"639","LTR87","ERVL","LTR",133,59,30
"640","LTR88a","Gypsy","LTR",2941,876,1228
"641","LTR88b","Gypsy","LTR",2153,1122,649
"642","LTR88c","Gypsy","LTR",103,48,22
"643","LTR89","ERVL","LTR",176,124,56
"644","LTR89B","ERVL","LTR",87,27,21
"645","LTR8","ERV1","LTR",2567,707,406
"646","LTR8A","ERV1","LTR",665,266,152
"647","LTR8B","ERV1","LTR",525,215,168
"648","LTR90A","LTR","LTR",120,49,24
"649","LTR90B","LTR","LTR",158,35,13
"650","LTR91","LTR","LTR",272,90,45
"651","LTR91A","LTR","LTR",595,297,163
"652","LTR9","ERV1","LTR",483,271,127
"653","LTR9A1","ERV1","LTR",462,177,76
"654","LTR9B","ERV1","LTR",552,219,200
"655","LTR9C","ERV1","LTR",35,6,2
"656","LTR9D","ERV1","LTR",428,150,71
"657","Looper","PiggyBac","DNA",179,70,23
"658","MADE1","TcMar-Mariner","DNA",1413,607,462
"659","MADE2","TcMar-Mariner","DNA",324,105,603
"660","MARE10","TcMar-Tigger","DNA",5,2,0
"661","MARE11","MARE11","Unknown",4,1,0
"662","MARE4","hAT-Tip100","DNA",30,9,2
"663","MARE6","L1-Tx1","LINE",11,5,0
"664","MARE8","DNA","DNA",48,11,0
"665","MARE9","MARE9","Unknown",2,0,0
"666","MARNA","TcMar-Mariner","DNA",1141,362,306
"667","MER101-int","ERV1","LTR",195,82,63
"668","MER101","ERV1","LTR",39,17,1
"669","MER101B","ERV1","LTR",93,21,25
"670","MER102a","hAT-Charlie","DNA",545,148,141
"671","MER102b","hAT-Charlie","DNA",851,374,265
"672","MER102c","hAT-Charlie","DNA",1451,460,387
"673","MER103C","hAT-Charlie","DNA",2300,810,762
"674","MER104","TcMar-Tc2","DNA",340,156,74
"675","MER105","hAT-Charlie","DNA",113,31,9
"676","MER106A","hAT-Charlie","DNA",246,76,40
"677","MER106B","hAT-Charlie","DNA",353,71,101
"678","MER107","hAT-Charlie","DNA",25,9,0
"679","MER110-int","ERV1","LTR",96,38,42
"680","MER110","ERV1","LTR",162,83,47
"681","MER110A","ERV1","LTR",81,26,64
"682","MER112","hAT-Charlie","DNA",1140,431,322
"683","MER113","hAT-Charlie","DNA",1717,600,572
"684","MER113A","hAT-Charlie","DNA",436,169,113
"685","MER115","hAT-Tip100","DNA",1188,516,402
"686","MER117","hAT-Charlie","DNA",1517,685,479
"687","MER119","hAT-Charlie","DNA",306,98,75
"688","MER11A","ERVK","LTR",365,143,66
"689","MER11B","ERVK","LTR",509,209,144
"690","MER11C","ERVK","LTR",665,234,99
"691","MER11D","ERVK","LTR",196,194,87
"692","MER121","hAT","DNA",175,56,77
"693","MER121B","hAT","DNA",3,0,1
"694","MER123","DNA","DNA",1,2,0
"695","MER124","DNA","DNA",192,119,58
"696","MER125","Merlin","DNA",14,3,0
"697","MER126","DNA","DNA",28,12,14
"698","MER127","TcMar-Tigger","DNA",12,6,8
"699","MER129","LTR","LTR?",30,9,1
"700","MER130","DNA","DNA",22,13,24
"701","MER131","DNA","DNA",184,82,121
"702","MER132","TcMar-Pogo","DNA",5,1,0
"703","MER133A","PIF-Harbinger","DNA",6,4,0
"704","MER133B","PIF-Harbinger","DNA",8,0,1
"705","MER134","Crypton","DNA",8,5,0
"706","MER135","DNA","DNA",40,8,22
"707","MER136","Merlin","DNA",2,0,0
"708","MER1A","hAT-Charlie","DNA",1964,954,615
"709","MER1B","hAT-Charlie","DNA",1329,535,224
"710","MER20","hAT-Charlie","DNA",5577,2031,1485
"711","MER20B","hAT-Charlie","DNA",3186,570,862
"712","MER21-int","ERVL","LTR",536,216,110
"713","MER21A","ERVL","LTR",944,476,365
"714","MER21B","ERVL","LTR",2234,1069,472
"715","MER21C","ERVL","LTR",2608,965,737
"716","MER2","TcMar-Tigger","DNA",2680,1065,2211
"717","MER2B","TcMar-Tigger","DNA",738,249,194
"718","MER30","hAT-Charlie","DNA",790,361,227
"719","MER30B","hAT-Charlie","DNA",11,4,3
"720","MER31-int","ERV1","LTR",460,215,162
"721","MER31A","ERV1","LTR",354,183,133
"722","MER31B","ERV1","LTR",1198,438,349
"723","MER33","hAT-Charlie","DNA",2879,1267,816
"724","MER34-int","ERV1","LTR",130,54,40
"725","MER34","ERV1","LTR",503,156,181
"726","MER34A1","ERV1","LTR",138,35,12
"727","MER34A","ERV1","LTR",218,91,34
"728","MER34B-int","ERV1","LTR",168,43,60
"729","MER34B","ERV1","LTR",155,39,34
"730","MER34C2","ERV1","LTR",660,208,213
"731","MER34C","ERV1","LTR",9,2,0
"732","MER34C_","ERV1","LTR",87,19,31
"733","MER34D","ERV1","LTR",251,136,68
"734","MER39","ERV1","LTR",2078,1075,762
"735","MER39B","ERV1","LTR",1315,560,406
"736","MER3","hAT-Charlie","DNA",3348,1567,1009
"737","MER4-int","ERV1","LTR",2824,1440,2776
"738","MER41-int","ERV1","LTR",1550,761,492
"739","MER41A","ERV1","LTR",1007,519,308
"740","MER41B","ERV1","LTR",2032,984,492
"741","MER41C","ERV1","LTR",340,206,113
"742","MER41D","ERV1","LTR",96,26,14
"743","MER41E","ERV1","LTR",164,83,28
"744","MER41G","ERV1","LTR",48,12,6
"745","MER44A","TcMar-Tigger","DNA",380,160,153
"746","MER44B","TcMar-Tigger","DNA",584,222,219
"747","MER44C","TcMar-Tigger","DNA",305,92,108
"748","MER44D","TcMar-Tigger","DNA",213,70,56
"749","MER45A","hAT-Tip100","DNA",806,352,183
"750","MER45B","hAT-Tip100","DNA",622,329,157
"751","MER45C","hAT-Tip100","DNA",636,468,184
"752","MER45R","hAT-Tip100","DNA",283,191,70
"753","MER46C","TcMar-Tigger","DNA",676,292,198
"754","MER47A","TcMar-Tigger","DNA",975,421,314
"755","MER47B","TcMar-Tigger","DNA",95,35,30
"756","MER47C","TcMar-Tigger","DNA",35,19,1
"757","MER48","ERV1","LTR",49,15,0
"758","MER49","ERV1","LTR",321,96,47
"759","MER4A1","ERV1","LTR",3698,2014,1430
"760","MER4A1_","ERV1","LTR",148,53,15
"761","MER4A","ERV1","LTR",279,132,41
"762","MER4B-int","ERV1","LTR",4598,3367,1877
"763","MER4B","ERV1","LTR",515,255,105
"764","MER4C","ERV1","LTR",141,58,60
"765","MER4CL34","ERV1","LTR",344,115,115
"766","MER4D0","ERV1","LTR",86,6,10
"767","MER4D1","ERV1","LTR",522,177,139
"768","MER4D","ERV1","LTR",410,134,82
"769","MER4E1","ERV1","LTR",377,98,39
"770","MER4E","ERV1","LTR",88,23,29
"771","MER50-int","ERV1","LTR",232,90,84
"772","MER50","ERV1","LTR",621,217,189
"773","MER50B","ERV1","LTR",121,70,115
"774","MER50C","ERV1","LTR",53,29,6
"775","MER51-int","ERV1","LTR",537,167,65
"776","MER51A","ERV1","LTR",581,313,150
"777","MER51B","ERV1","LTR",255,117,70
"778","MER51C","ERV1","LTR",21,10,10
"779","MER51D","ERV1","LTR",63,40,13
"780","MER51E","ERV1","LTR",42,16,4
"781","MER52-int","ERV1","LTR",538,258,169
"782","MER52A","ERV1","LTR",2340,1096,705
"783","MER52C","ERV1","LTR",130,40,53
"784","MER52D","ERV1","LTR",2693,1729,1327
"785","MER53","hAT-Blackjack","DNA",9762,3678,2921
"786","MER54A","ERVL","LTR",146,36,19
"787","MER54B","ERVL","LTR",179,61,50
"788","MER57-int","ERV1","LTR",569,268,181
"789","MER57A-int","ERV1","LTR",479,106,149
"790","MER57A1","ERV1","LTR",158,50,53
"791","MER57B1","ERV1","LTR",297,85,97
"792","MER57B2","ERV1","LTR",753,261,191
"793","MER57C1","ERV1","LTR",21,14,3
"794","MER57C2","ERV1","LTR",59,16,15
"795","MER57D","ERV1","LTR",351,303,239
"796","MER57E1","ERV1","LTR",38,21,25
"797","MER57E2","ERV1","LTR",7,0,12
"798","MER57E3","ERV1","LTR",61,15,4
"799","MER57F","ERV1","LTR",152,33,25
"800","MER58A","hAT-Charlie","DNA",9484,3172,2808
"801","MER58B","hAT-Charlie","DNA",1492,511,345
"802","MER58C","hAT-Charlie","DNA",586,235,129
"803","MER58D","hAT-Charlie","DNA",443,204,169
"804","MER5A1","hAT-Charlie","DNA",2992,1171,739
"805","MER5A","hAT-Charlie","DNA",10224,3780,3082
"806","MER5B","hAT-Charlie","DNA",6933,3130,2559
"807","MER5C1","hAT-Charlie","DNA",73,30,3
"808","MER5C","hAT-Charlie","DNA",374,168,148
"809","MER61-int","ERV1","LTR",682,297,114
"810","MER61A","ERV1","LTR",130,43,20
"811","MER61B","ERV1","LTR",41,17,16
"812","MER61C","ERV1","LTR",68,20,9
"813","MER61D","ERV1","LTR",332,129,84
"814","MER61E","ERV1","LTR",80,34,22
"815","MER61F","ERV1","LTR",50,14,7
"816","MER63A","hAT-Tip100","DNA",662,287,144
"817","MER63B","hAT-Tip100","DNA",414,110,175
"818","MER63C","hAT-Tip100","DNA",519,278,164
"819","MER63D","hAT-Tip100","DNA",305,146,166
"820","MER65-int","ERV1","LTR",522,153,125
"821","MER65A","ERV1","LTR",1510,949,524
"822","MER65B","ERV1","LTR",26,12,6
"823","MER65C","ERV1","LTR",79,27,32
"824","MER65D","ERV1","LTR",140,56,30
"825","MER66-int","ERV1","LTR",1378,666,549
"826","MER66A","ERV1","LTR",395,286,108
"827","MER66B","ERV1","LTR",278,106,95
"828","MER66C","ERV1","LTR",1928,969,510
"829","MER66D","ERV1","LTR",45,12,1
"830","MER67A","ERV1","LTR",46,11,4
"831","MER67B","ERV1","LTR",371,215,145
"832","MER67C","ERV1","LTR",272,97,67
"833","MER67D","ERV1","LTR",328,121,126
"834","MER68-int","ERVL","LTR",39,6,15
"835","MER68","ERVL","LTR",789,250,111
"836","MER68B","ERVL","LTR",167,75,45
"837","MER68C","ERVL","LTR",56,29,17
"838","MER6","TcMar-Tigger","DNA",396,115,125
"839","MER6A","TcMar-Tigger","DNA",293,131,78
"840","MER6B","TcMar-Tigger","DNA",651,241,158
"841","MER6C","TcMar-Tigger","DNA",27,5,6
"842","MER70-int","ERVL","LTR",619,168,417
"843","MER70A","ERVL","LTR",226,74,40
"844","MER70B","ERVL","LTR",214,109,65
"845","MER70C","ERVL","LTR",41,11,16
"846","MER72","ERV1","LTR",177,76,32
"847","MER72B","ERV1","LTR",14,8,1
"848","MER73","ERVL","LTR",49,49,21
"849","MER74A","ERVL","LTR",757,373,151
"850","MER74B","ERVL","LTR",269,102,105
"851","MER74C","ERVL","LTR",70,19,5
"852","MER75","PiggyBac","DNA",679,323,244
"853","MER75A","PiggyBac","DNA",9,0,3
"854","MER75B","PiggyBac","DNA",8,4,1
"855","MER76-int","ERVL","LTR",245,87,143
"856","MER76","ERVL","LTR",712,330,166
"857","MER77","ERVL","LTR",2148,1130,737
"858","MER77B","ERVL","LTR",983,264,309
"859","MER81","hAT-Blackjack","DNA",1038,231,125
"860","MER83","ERV1","LTR",169,101,67
"861","MER83A-int","ERV1","LTR",30,8,9
"862","MER83B-int","ERV1","LTR",120,26,14
"863","MER83B","ERV1","LTR",29,17,1
"864","MER83C","ERV1","LTR",29,3,5
"865","MER84-int","ERV1","LTR",139,57,24
"866","MER84","ERV1","LTR",86,31,9
"867","MER85","PiggyBac","DNA",165,59,54
"868","MER87","ERV1","LTR",125,41,40
"869","MER87B","ERV1","LTR",767,402,159
"870","MER88","ERVL","LTR",15,9,4
"871","MER89-int","ERV1","LTR",43,17,22
"872","MER89","ERV1","LTR",1055,375,353
"873","MER8","TcMar-Tigger","DNA",708,344,207
"874","MER90","ERV1","LTR",281,115,66
"875","MER90a","ERV1","LTR",657,219,180
"876","MER91A","hAT-Tip100","DNA",743,320,264
"877","MER91B","hAT-Tip100","DNA",377,148,91
"878","MER91C","hAT-Tip100","DNA",299,138,113
"879","MER92-int","ERV1","LTR",298,92,61
"880","MER92A","ERV1","LTR",9,2,0
"881","MER92B","ERV1","LTR",215,85,25
"882","MER92C","ERV1","LTR",6,8,0
"883","MER92D","ERV1","LTR",44,10,15
"884","MER94","hAT-Blackjack","DNA",630,277,206
"885","MER94B","hAT-Blackjack","DNA",139,63,39
"886","MER95","ERV1","LTR",6,2,1
"887","MER96","hAT-Tip100","DNA",122,40,8
"888","MER96B","hAT-Tip100","DNA",623,268,261
"889","MER97a","hAT-Tip100","DNA",18,3,0
"890","MER97b","hAT-Tip100","DNA",3,3,23
"891","MER97c","hAT-Tip100","DNA",29,8,3
"892","MER97d","hAT-Tip100","DNA",18,3,1
"893","MER99","hAT","DNA",38,5,0
"894","MER9B","ERVK","LTR",65,14,2
"895","MER9a1","ERVK","LTR",181,61,49
"896","MER9a2","ERVK","LTR",88,34,6
"897","MER9a3","ERVK","LTR",500,226,179
"898","MERX","TcMar-Tigger","DNA",54,31,24
"899","MIR1_Amn","MIR","SINE",4528,1807,985
"900","MIR3","MIR","SINE",31879,13244,10295
"901","MIR","MIR","SINE",54378,23478,15560
"902","MIRb","MIR","SINE",84045,36341,23754
"903","MIRc","MIR","SINE",36416,15081,10112
"904","MLT-int","ERVL-MaLR","LTR",214,50,27
"905","MLT1-int","ERVL-MaLR","LTR",19,12,15
"906","MLT1A-int","ERVL-MaLR","LTR",499,257,134
"907","MLT1A0-int","ERVL-MaLR","LTR",682,246,212
"908","MLT1A0","ERVL-MaLR","LTR",7755,3485,2372
"909","MLT1A1-int","ERVL-MaLR","LTR",83,38,46
"910","MLT1A1","ERVL-MaLR","LTR",3069,1088,841
"911","MLT1A","ERVL-MaLR","LTR",3124,1427,809
"912","MLT1B-int","ERVL-MaLR","LTR",97,22,14
"913","MLT1B","ERVL-MaLR","LTR",5510,2080,1280
"914","MLT1C-int","ERVL-MaLR","LTR",19,5,10
"915","MLT1C2-int","ERVL-MaLR","LTR",42,10,4
"916","MLT1C2","ERVL-MaLR","LTR",6840,2812,1843
"917","MLT1C","ERVL-MaLR","LTR",2664,1197,663
"918","MLT1D-int","ERVL-MaLR","LTR",87,39,5
"919","MLT1D","ERVL-MaLR","LTR",7629,3085,1916
"920","MLT1E-int","ERVL-MaLR","LTR",2,0,0
"921","MLT1E1-int","ERVL-MaLR","LTR",0,0,0
"922","MLT1E1","ERVL-MaLR","LTR",525,189,124
"923","MLT1E1A-int","ERVL-MaLR","LTR",18,89,16
"924","MLT1E1A","ERVL-MaLR","LTR",1429,623,280
"925","MLT1E2-int","ERVL-MaLR","LTR",59,20,29
"926","MLT1E2","ERVL-MaLR","LTR",1838,724,497
"927","MLT1E3-int","ERVL-MaLR","LTR",19,1,0
"928","MLT1E3","ERVL-MaLR","LTR",579,173,187
"929","MLT1E","ERVL-MaLR","LTR",325,198,74
"930","MLT1F-int","ERVL-MaLR","LTR",341,119,111
"931","MLT1F1-int","ERVL-MaLR","LTR",40,14,11
"932","MLT1F1","ERVL-MaLR","LTR",722,310,130
"933","MLT1F2-int","ERVL-MaLR","LTR",104,31,38
"934","MLT1F2","ERVL-MaLR","LTR",2597,1002,821
"935","MLT1F","ERVL-MaLR","LTR",1918,803,537
"936","MLT1G-int","ERVL-MaLR","LTR",32,6,0
"937","MLT1G1-int","ERVL-MaLR","LTR",69,16,0
"938","MLT1G1","ERVL-MaLR","LTR",2055,870,585
"939","MLT1G3-int","ERVL-MaLR","LTR",36,17,4
"940","MLT1G3","ERVL-MaLR","LTR",1223,508,335
"941","MLT1G","ERVL-MaLR","LTR",789,421,230
"942","MLT1H-int","ERVL-MaLR","LTR",628,261,197
"943","MLT1H1-int","ERVL-MaLR","LTR",58,26,0
"944","MLT1H1","ERVL-MaLR","LTR",2335,988,403
"945","MLT1H2-int","ERVL-MaLR","LTR",1188,492,533
"946","MLT1H2","ERVL-MaLR","LTR",1408,515,306
"947","MLT1H","ERVL-MaLR","LTR",3574,1462,1038
"948","MLT1I-int","ERVL-MaLR","LTR",127,51,36
"949","MLT1I","ERVL-MaLR","LTR",2593,1080,747
"950","MLT1J-int","ERVL-MaLR","LTR",165,76,56
"951","MLT1J1-int","ERVL-MaLR","LTR",107,35,4
"952","MLT1J1","ERVL-MaLR","LTR",6293,4231,3358
"953","MLT1J2-int","ERVL-MaLR","LTR",135,58,21
"954","MLT1J2","ERVL-MaLR","LTR",2499,926,900
"955","MLT1J","ERVL-MaLR","LTR",5296,2141,1543
"956","MLT1K-int","ERVL-MaLR","LTR",10,1,6
"957","MLT1K","ERVL-MaLR","LTR",6765,2645,1851
"958","MLT1L-int","ERVL-MaLR","LTR",21,3,2
"959","MLT1L","ERVL-MaLR","LTR",4992,2295,1449
"960","MLT1M-int","ERVL-MaLR","LTR",0,0,0
"961","MLT1M","ERVL-MaLR","LTR",818,382,244
"962","MLT1N2-int","ERVL-MaLR","LTR",10,6,5
"963","MLT1N2","ERVL-MaLR","LTR",1740,699,540
"964","MLT1O-int","ERVL-MaLR","LTR",6,0,0
"965","MLT1O","ERVL-MaLR","LTR",1118,373,373
"966","MLT2A1","ERVL","LTR",1037,322,272
"967","MLT2A2","ERVL","LTR",1764,701,465
"968","MLT2B1","ERVL","LTR",3097,1487,614
"969","MLT2B2","ERVL","LTR",736,225,199
"970","MLT2B3","ERVL","LTR",686,215,187
"971","MLT2B4","ERVL","LTR",1395,449,525
"972","MLT2B5","ERVL","LTR",200,124,138
"973","MLT2C1","ERVL","LTR",1021,254,313
"974","MLT2C2","ERVL","LTR",1239,876,528
"975","MLT2D","ERVL","LTR",1119,559,280
"976","MLT2E","ERVL","LTR",37,18,9
"977","MLT2F","ERVL","LTR",781,272,240
"978","MSR1","Satellite","Satellite",293,133,76
"979","MST-int","ERVL-MaLR","LTR",44,24,17
"980","MSTA-int","ERVL-MaLR","LTR",1707,575,403
"981","MSTA1-int","ERVL-MaLR","LTR",17,5,8
"982","MSTA1","ERVL-MaLR","LTR",172,77,71
"983","MSTA","ERVL-MaLR","LTR",8593,3806,2497
"984","MSTB-int","ERVL-MaLR","LTR",983,302,193
"985","MSTB1-int","ERVL-MaLR","LTR",999,318,272
"986","MSTB1","ERVL-MaLR","LTR",1944,700,392
"987","MSTB2-int","ERVL-MaLR","LTR",20,5,0
"988","MSTB2","ERVL-MaLR","LTR",295,107,94
"989","MSTB","ERVL-MaLR","LTR",6070,3482,1875
"990","MSTC-int","ERVL-MaLR","LTR",48,16,3
"991","MSTC","ERVL-MaLR","LTR",1329,399,417
"992","MSTD-int","ERVL-MaLR","LTR",826,334,132
"993","MSTD","ERVL-MaLR","LTR",3429,1596,863
"994","MamGyp-int","Gypsy","LTR",52,28,4
"995","MamGypLTR1a","Gypsy","LTR",103,48,20
"996","MamGypLTR1b","Gypsy","LTR",151,44,48
"997","MamGypLTR1c","Gypsy","LTR",417,132,174
"998","MamGypLTR1d","Gypsy","LTR",171,66,44
"999","MamGypLTR2b","Gypsy","LTR",188,88,95
"1000","MamGypLTR2c","Gypsy","LTR",213,94,62
"1001","MamGypLTR3","Gypsy","LTR",454,160,257
"1002","MamGypLTR3a","Gypsy","LTR",781,259,103
"1003","MamGypLTR4","Gypsy","LTR",134,21,21
"1004","MamGypsy2-I","Gypsy","LTR",990,381,236
"1005","MamGypsy2-LTR","Gypsy","LTR",384,183,132
"1006","MamRTE1","RTE-BovB","LINE",2236,1241,545
"1007","MamRTE2","RTE-BovB","LINE",10,3,1
"1008","MamRep1151","LTR","LTR?",584,947,315
"1009","MamRep137","TcMar-Tigger","DNA",519,166,114
"1010","MamRep1527","LTR","LTR",235,102,64
"1011","MamRep1879","hAT-Tip100","DNA",428,161,153
"1012","MamRep1894","hAT-Tip100","DNA",215,69,57
"1013","MamRep38","hAT-Tip100","DNA",685,236,184
"1014","MamRep4096","hAT-Tip100","DNA",357,104,115
"1015","MamRep434","TcMar-Tigger","DNA",1061,376,325
"1016","MamRep488","hAT-Tip100","DNA",124,37,5
"1017","MamRep564","MamRep564","Unknown",180,55,24
"1018","MamRep605","LTR","LTR?",1356,569,361
"1019","MamRep605b","LTR","LTR?",475,167,119
"1020","MamTip1","hAT-Tip100","DNA",211,80,18
"1021","MamTip1b","hAT-Tip100","DNA",83,38,6
"1022","MamTip2","hAT-Tip100","DNA",897,371,340
"1023","MamTip2b","hAT-Tip100","DNA",3047,1371,701
"1024","MamTip3","hAT-Tip100","DNA",229,63,50
"1025","MamTip3B","hAT-Tip100","DNA",226,70,71
"1026","Mam_R4","Dong-R4","LINE",166,47,73
"1027","Merlin1_HS","Merlin","DNA",31,11,5
"1028","ORSL-2a","hAT-Tip100","DNA",240,50,84
"1029","ORSL-2b","hAT-Tip100","DNA",124,47,36
"1030","ORSL","hAT-Tip100","DNA",377,138,114
"1031","OldhAT-N1a","hAT","DNA",2,0,0
"1032","OldhAT-N1b","hAT","DNA",0,0,0
"1033","OldhAT-N1c","hAT","DNA",10,2,0
"1034","OldhAT1","hAT-Ac","DNA",1040,418,128
"1035","PABL_A-int","ERV1","LTR",84,56,41
"1036","PABL_A","ERV1","LTR",1437,844,143
"1037","PABL_B-int","ERV1","LTR",93,17,75
"1038","PABL_B","ERV1","LTR",80,77,25
"1039","PRIMA4-int","ERV1","LTR",356,215,123
"1040","PRIMA41-int","ERV1","LTR",178,90,25
"1041","PRIMA4_LTR","ERV1","LTR",255,122,61
"1042","PRIMAX-int","ERV1","LTR",15,6,4
"1043","PTERV1a-int","ERV1","LTR",118,23,17
"1044","PTERV1a_LTR","ERV1","LTR",14,10,10
"1045","PTERV1b-int","ERV1","LTR",63,12,25
"1046","PTERV1c-int","ERV1","LTR",41,24,15
"1047","PTERV1c_LTR","ERV1","LTR",54,27,1
"1048","PTERV1d-int","ERV1","LTR",79,24,6
"1049","PTERV2a-int","ERV1","LTR",10,3,0
"1050","PTERV2a_LTR","ERV1","LTR",0,0,0
"1051","PTERV2b-int","ERV1","LTR",25,0,1
"1052","PTERV2b_LTR","ERV1","LTR",0,2,0
"1053","PTERV2c_LTR","ERV1","LTR",3,3,0
"1054","PTPCHT7","telo","Satellite",36,0,23
"1055","Penelope1_Vert","Penelope","LINE",160,40,19
"1056","Plat_L3","CR1","LINE",491,172,185
"1057","PrimLTR79","ERV1","LTR",18,2,13
"1058","REP522","telo","Satellite",439,92,40
"1059","RTVL-Ib-int","ERV1","LTR",14,2,3
"1060","Ricksha","MULE-MuDR","DNA",834,499,186
"1061","Ricksha_0","MULE-MuDR","DNA",149,49,27
"1062","Ricksha_a","MULE-MuDR","DNA",29,28,0
"1063","Ricksha_b","MULE-MuDR","DNA",37,13,8
"1064","Ricksha_c","MULE-MuDR","DNA",174,78,23
"1065","SAR","Satellite","Satellite",0,0,0
"1066","SATR1","Satellite","Satellite",603,163,212
"1067","SATR2","Satellite","Satellite",532,47,121
"1068","SST1","centr","Satellite",133,100,17
"1069","SUBTEL2_sat","telo","Satellite",0,0,0
"1070","SVA_A","SVA","Retroposon",1572,697,450
"1071","SVA_B","SVA","Retroposon",825,377,185
"1072","SVA_C","SVA","Retroposon",791,210,251
"1073","SVA_D","SVA","Retroposon",7013,2154,1706
"1074","TAR1","telo","Satellite",7,1,0
"1075","THE1-int","ERVL-MaLR","LTR",85,18,18
"1076","THE1A-int","ERVL-MaLR","LTR",3221,1242,905
"1077","THE1A","ERVL-MaLR","LTR",1748,667,434
"1078","THE1B-int","ERVL-MaLR","LTR",3564,1678,798
"1079","THE1B","ERVL-MaLR","LTR",9651,5397,3028
"1080","THE1C-int","ERVL-MaLR","LTR",1595,423,408
"1081","THE1C","ERVL-MaLR","LTR",2209,824,691
"1082","THE1D-int","ERVL-MaLR","LTR",1355,548,387
"1083","THE1D","ERVL-MaLR","LTR",3685,1587,1321
"1084","Tigger10","TcMar-Tigger","DNA",330,233,84
"1085","Tigger11a","TcMar-Tigger","DNA",118,21,4
"1086","Tigger12","TcMar-Tigger","DNA",245,85,59
"1087","Tigger12A","TcMar-Tigger","DNA",105,38,8
"1088","Tigger12c","TcMar-Tigger","DNA",115,40,23
"1089","Tigger13a","TcMar-Tigger","DNA",1184,415,227
"1090","Tigger14a","TcMar-Tigger","DNA",178,33,112
"1091","Tigger15a","TcMar-Tigger","DNA",1423,582,482
"1092","Tigger16a","TcMar-Tigger","DNA",643,261,447
"1093","Tigger16b","TcMar-Tigger","DNA",625,369,281
"1094","Tigger17","TcMar-Tigger","DNA",23,13,2
"1095","Tigger17a","TcMar-Tigger","DNA",1618,800,321
"1096","Tigger17b","TcMar-Tigger","DNA",18,3,3
"1097","Tigger17c","TcMar-Tigger","DNA",183,77,75
"1098","Tigger17d","TcMar-Tigger","DNA",17,7,5
"1099","Tigger18a","TcMar-Tigger","DNA",231,110,79
"1100","Tigger19a","TcMar-Tigger","DNA",888,468,354
"1101","Tigger19b","TcMar-Tigger","DNA",1842,785,466
"1102","Tigger1","TcMar-Tigger","DNA",11425,5222,3718
"1103","Tigger1a_Art","TcMar-Tigger","DNA",10,3,2
"1104","Tigger1a_Mars","TcMar-Tigger","DNA",3,2,0
"1105","Tigger20a","TcMar-Tigger","DNA",244,85,85
"1106","Tigger21a","TcMar-Tigger","DNA",51,13,14
"1107","Tigger22N1","TcMar-Tigger","DNA",427,158,88
"1108","Tigger23a","TcMar-Tigger","DNA",207,113,84
"1109","Tigger2","TcMar-Tigger","DNA",915,321,261
"1110","Tigger2a","TcMar-Tigger","DNA",795,226,277
"1111","Tigger2b_Pri","TcMar-Tigger","DNA",735,246,165
"1112","Tigger3","TcMar-Tigger","DNA",537,176,123
"1113","Tigger3a","TcMar-Tigger","DNA",2207,1239,812
"1114","Tigger3b","TcMar-Tigger","DNA",3519,1676,1470
"1115","Tigger3c","TcMar-Tigger","DNA",492,202,126
"1116","Tigger3d","TcMar-Tigger","DNA",39,15,6
"1117","Tigger4","TcMar-Tigger","DNA",1017,374,276
"1118","Tigger4a","TcMar-Tigger","DNA",3289,1967,1549
"1119","Tigger4b","TcMar-Tigger","DNA",1165,483,369
"1120","Tigger5","TcMar-Tigger","DNA",1305,684,642
"1121","Tigger5b","TcMar-Tigger","DNA",201,100,28
"1122","Tigger6","TcMar-Tigger","DNA",8,6,0
"1123","Tigger6a","TcMar-Tigger","DNA",719,336,135
"1124","Tigger6b","TcMar-Tigger","DNA",14,2,4
"1125","Tigger7","TcMar-Tigger","DNA",1189,392,286
"1126","Tigger8","TcMar-Tigger","DNA",723,401,330
"1127","Tigger9a","TcMar-Tigger","DNA",439,121,49
"1128","Tigger9b","TcMar-Tigger","DNA",193,59,67
"1129","UCON100","hAT-hAT19","DNA",0,0,0
"1130","UCON101","UCON101","Unknown",38,7,10
"1131","UCON103","LTR","LTR?",15,4,0
"1132","UCON105","hAT","DNA",43,21,6
"1133","UCON11","TcMar-Tigger","DNA",1,0,4
"1134","UCON12","UCON12","Unknown",40,18,7
"1135","UCON12A","UCON12A","Unknown",4,3,0
"1136","UCON14","DNA","DNA",15,9,0
"1137","UCON15","hAT-Ac","DNA",4,7,0
"1138","UCON16","UCON16","Unknown",1,0,0
"1139","UCON17","UCON17","Unknown",1,1,0
"1140","UCON18","UCON18","Unknown",0,0,0
"1141","UCON19","UCON19","Unknown",8,3,0
"1142","UCON1","UCON1","Unknown",34,5,2
"1143","UCON20","UCON20","Unknown",0,4,0
"1144","UCON21","DNA","DNA",5,1,4
"1145","UCON22","UCON22","Unknown",7,4,0
"1146","UCON23","hAT-Tip100","DNA",23,0,1
"1147","UCON24","UCON24","Unknown",0,0,0
"1148","UCON25","UCON25","Unknown",14,4,0
"1149","UCON26","hAT-Ac","DNA",16,8,1
"1150","UCON28a","UCON28a","Unknown",7,3,0
"1151","UCON28b","UCON28b","Unknown",24,7,4
"1152","UCON28c","UCON28c","Unknown",9,5,0
"1153","UCON29","Kolobok","DNA",345,207,100
"1154","UCON2","DNA","DNA",30,53,8
"1155","UCON31","UCON31","Unknown",8,6,0
"1156","UCON33","TcMar-Tigger","DNA",43,26,13
"1157","UCON34","hAT-Charlie","DNA",56,24,25
"1158","UCON35","DNA","DNA",8,7,0
"1159","UCON37","hAT-Ac","DNA",31,22,4
"1160","UCON38","hAT-Charlie","DNA",31,11,6
"1161","UCON39","TcMar-Tigger","DNA",6,1,0
"1162","UCON40","TcMar-Mariner","DNA",103,37,29
"1163","UCON41","UCON41","Unknown",57,15,7
"1164","UCON44","TcMar-Tigger","DNA",63,28,16
"1165","UCON47","UCON47","Unknown",35,2,0
"1166","UCON48","UCON48","Unknown",31,10,0
"1167","UCON4","DNA","DNA",57,38,9
"1168","UCON51","LTR","LTR?",78,32,32
"1169","UCON55","TcMar-Tigger","DNA",40,19,15
"1170","UCON56","UCON56","Unknown",1,0,0
"1171","UCON57","UCON57","Unknown",0,0,0
"1172","UCON58","DNA","DNA",27,3,2
"1173","UCON59","DNA","DNA",10,7,0
"1174","UCON5","UCON5","Unknown",16,0,0
"1175","UCON60","UCON60","Unknown",9,0,0
"1176","UCON61","UCON61","Unknown",4,2,0
"1177","UCON62","DNA","DNA",0,1,0
"1178","UCON63","UCON63","Unknown",15,7,10
"1179","UCON64","UCON64","Unknown",4,2,5
"1180","UCON65","UCON65","Unknown",0,0,0
"1181","UCON66","UCON66","Unknown",6,2,0
"1182","UCON67","UCON67","Unknown",0,0,0
"1183","UCON68","UCON68","Unknown",0,0,0
"1184","UCON6","UCON6","Unknown",0,6,0
"1185","UCON70","UCON70","Unknown",9,0,2
"1186","UCON71","UCON71","Unknown",9,4,0
"1187","UCON73","hAT","DNA",47,23,14
"1188","UCON75","UCON75","Unknown",4,3,0
"1189","UCON76","UCON76","Unknown",60,45,3
"1190","UCON78","DNA","DNA",42,11,30
"1191","UCON7","DNA","DNA",5,1,0
"1192","UCON80","hAT-Blackjack","DNA",11,0,0
"1193","UCON81","hAT-Charlie","DNA",0,0,0
"1194","UCON83","DNA","DNA",28,3,0
"1195","UCON84","UCON84","Unknown",12,4,0
"1196","UCON85","UCON85","Unknown",18,5,16
"1197","UCON86","L2","LINE",30,9,6
"1198","UCON87","UCON87","Unknown",1,1,0
"1199","UCON87B","UCON87B","Unknown",3,1,0
"1200","UCON88","UCON88","Unknown",112,55,0
"1201","UCON89","hAT","DNA",7,4,0
"1202","UCON8","DNA","DNA",36,36,27
"1203","UCON92","UCON92","Unknown",0,0,0
"1204","UCON93","UCON93","Unknown",1,0,0
"1205","UCON94","UCON94","Unknown",0,0,0
"1206","UCON96","UCON96","Unknown",1,0,0
"1207","UCON97","DNA","DNA",3,1,0
"1208","UCON99","Helitron","RC?",0,1,0
"1209","UCON9","UCON9","Unknown",2,0,10
"1210","UCON9B","UCON9B","Unknown",7,0,0
"1211","X10b_DNA","TcMar-Tigger","DNA",31,20,8
"1212","X11_DNA","TcMar-Tigger","DNA",17,2,5
"1213","X12_DNA","TcMar-Tigger","DNA",521,248,49
"1214","X12_LINE","I-Jockey","LINE",525,302,157
"1215","X13_LINE","L2","LINE",27,16,5
"1216","X15_LINE","L2","LINE",226,99,22
"1217","X17_LINE","CR1","LINE",268,82,29
"1218","X1_DNA","TcMar-Tigger","DNA",229,96,73
"1219","X1_LINE","CR1","LINE",89,29,27
"1220","X1_LR","Gypsy","LTR",3,2,0
"1221","X20_LINE","CR1","LINE",37,14,5
"1222","X21_LINE","CR1","LINE",3,1,0
"1223","X22_DNA","TcMar","DNA",0,0,0
"1224","X23_DNA","DNA","DNA",2,2,0
"1225","X24_DNA","DNA","DNA",51,24,1
"1226","X24_LINE","L2","LINE",197,103,31
"1227","X26_DNA","TcMar-Tigger","DNA",164,63,18
"1228","X2_LINE","CR1","LINE",2938,1960,607
"1229","X2a_DNA","DNA","DNA",36,12,16
"1230","X2b_DNA","DNA","DNA",21,6,0
"1231","X30_DNA","DNA","DNA",202,65,59
"1232","X32_DNA","TcMar-Tc1","DNA",23,8,19
"1233","X33a_DNA","TcMar-Tc1","DNA",3,0,0
"1234","X34_DNA","DNA","DNA",0,0,0
"1235","X4a_DNA","TcMar-Tigger","DNA",46,13,3
"1236","X4b_DNA","TcMar-Tigger","DNA",180,45,42
"1237","X5B_LINE","CR1","LINE",13,8,5
"1238","X5a_DNA","TcMar-Tigger","DNA",77,21,12
"1239","X6A_LINE","CR1","LINE",172,69,38
"1240","X6a_DNA","TcMar-Tigger","DNA",253,77,41
"1241","X6b_DNA","TcMar-Tigger","DNA",61,29,43
"1242","X7A_LINE","CR1","LINE",244,111,80
"1243","X7B_LINE","CR1","LINE",109,51,19
"1244","X7C_LINE","CR1","LINE",299,120,76
"1245","X7D_LINE","CR1","LINE",0,1,0
"1246","X8_LINE","CR1","LINE",23,2,0
"1247","X9_LINE","L1","LINE",92,43,41
"1248","X9a_DNA","DNA","DNA",110,34,22
"1249","X9b_DNA","TcMar-Tigger","DNA",116,52,26
"1250","Zaphod2","hAT-Tip100","DNA",83,29,7
"1251","Zaphod3","hAT-Tip100","DNA",791,439,333
"1252","Zaphod4a","hAT-Tip100","DNA",584,280,105
"1253","Zaphod5a","hAT-Tip100","DNA",157,52,62
"1254","Zaphod5b","hAT-Tip100","DNA",25,19,0
"1255","Zaphod","hAT-Tip100","DNA",451,171,59
"1256","hAT-1_Mam","hAT-Tag1","DNA",522,151,139
"1257","hAT-4b_Ther","hAT-Tip100","DNA",117,85,30
"1258","hAT-5_Mam","hAT-Tag1","DNA",887,467,352
"1259","hAT-N1_Mam","hAT-Tip100","DNA",27,6,6
"1260","hAT-N1a_Mam","hAT-Tip100","DNA",173,89,57
