"name","family","class","Guchi","Jaqo","Jingjing"
"1","(CATTC)n","Satellite","Satellite",22,92,1
"2","(GAATG)n","Satellite","Satellite",0,0,0
"3","6kbHsap","acro","Satellite",363,320,524
"4","7SK","RNA","RNA",146,194,148
"5","ACRO1","acro","Satellite",0,0,0
"6","ALR/Alpha","centr","Satellite",2081,1885,651
"7","Alu","Alu","SINE",294,425,145
"8","AluJb","Alu","SINE",24949,31936,24775
"9","AluJo","Alu","SINE",8834,12487,16690
"10","AluJr4","Alu","SINE",1475,2201,1351
"11","AluJr","Alu","SINE",22181,30453,24025
"12","AluSc5","Alu","SINE",541,774,519
"13","AluSc8","Alu","SINE",3755,5047,3981
"14","AluSc","Alu","SINE",6428,10116,6112
"15","AluSg4","Alu","SINE",3021,3995,3404
"16","AluSg7","Alu","SINE",956,1250,527
"17","AluSg","Alu","SINE",10126,19217,13779
"18","AluSp","Alu","SINE",17874,25688,32343
"19","AluSq10","Alu","SINE",199,321,176
"20","AluSq2","Alu","SINE",10552,14833,9531
"21","AluSq4","Alu","SINE",229,326,209
"22","AluSq","Alu","SINE",2705,4169,3220
"23","AluSx1","Alu","SINE",28371,40611,30814
"24","AluSx3","Alu","SINE",6803,10454,7603
"25","AluSx4","Alu","SINE",2296,2726,2424
"26","AluSx","Alu","SINE",24452,63421,48560
"27","AluSz6","Alu","SINE",8951,11616,7896
"28","AluSz","Alu","SINE",26692,41938,36180
"29","AluY","Alu","SINE",24549,40385,36293
"30","AluYa5","Alu","SINE",23,18,0
"31","AluYa8","Alu","SINE",42,45,5
"32","AluYb8","Alu","SINE",2,16,2
"33","AluYb9","Alu","SINE",3,6,14
"34","AluYc3","Alu","SINE",56,76,79
"35","AluYc","Alu","SINE",1525,1834,1576
"36","AluYd8","Alu","SINE",0,4,0
"37","AluYe5","Alu","SINE",146,322,114
"38","AluYe6","Alu","SINE",19,104,25
"39","AluYf1","Alu","SINE",536,415,436
"40","AluYg6","Alu","SINE",76,99,7
"41","AluYh3","Alu","SINE",249,297,458
"42","AluYh9","Alu","SINE",18,13,18
"43","AluYi6","Alu","SINE",22,25,4
"44","AluYk11","Alu","SINE",6,5,0
"45","AluYk12","Alu","SINE",0,0,0
"46","AluYk2","Alu","SINE",1296,1956,2808
"47","AluYk3","Alu","SINE",2031,1621,6391
"48","AluYk4","Alu","SINE",82,115,53
"49","AluYm1","Alu","SINE",673,951,669
"50","AmnHarb1","PIF-Harbinger","DNA",4,14,21
"51","AmnL2-1","L2","LINE",216,220,373
"52","AmnSINE1","5S-Deu-L2","SINE",232,344,206
"53","Arthur1","hAT-Tip100","DNA",478,718,90
"54","Arthur1A","hAT-Tip100","DNA",72,114,61
"55","Arthur1B","hAT-Tip100","DNA",213,193,277
"56","Arthur1C","hAT-Tip100","DNA",19,52,21
"57","Arthur2","hAT-Tip100","DNA",148,151,40
"58","BLACKJACK","hAT-Blackjack","DNA",479,656,347
"59","BSR/Beta","Satellite","Satellite",109,181,83
"60","CER","Satellite","Satellite",0,0,0
"61","CR1-11_Crp","CR1","LINE",0,0,0
"62","CR1-12_AMi","CR1","LINE",6,2,11
"63","CR1-13_AMi","CR1","LINE",14,3,0
"64","CR1-16_AMi","CR1","LINE",67,89,53
"65","CR1-1_Amn","CR1","LINE",0,0,0
"66","CR1-3_Croc","CR1","LINE",146,147,19
"67","CR1-L3A_Croc","CR1","LINE",11,25,0
"68","CR1-L3B_Croc","CR1","LINE",7,12,20
"69","CR1_Mam","CR1","LINE",155,173,26
"70","Chap1_Mam","hAT-Charlie","DNA",41,60,0
"71","Chap1a_Mam","hAT-Charlie","DNA",136,154,57
"72","Charlie10","hAT-Charlie","DNA",223,251,400
"73","Charlie10a","hAT-Charlie","DNA",22,51,11
"74","Charlie10b","hAT-Charlie","DNA",27,27,1
"75","Charlie11","hAT-Charlie","DNA",8,23,3
"76","Charlie12","hAT-Charlie","DNA",0,0,11
"77","Charlie13a","hAT-Charlie","DNA",64,56,0
"78","Charlie13b","hAT-Charlie","DNA",12,17,20
"79","Charlie14a","hAT-Charlie","DNA",111,123,143
"80","Charlie15a","hAT-Charlie","DNA",381,697,204
"81","Charlie15b","hAT-Charlie","DNA",188,270,136
"82","Charlie16","hAT-Charlie","DNA",278,306,66
"83","Charlie16a","hAT-Charlie","DNA",227,179,82
"84","Charlie17","hAT-Charlie","DNA",102,165,38
"85","Charlie17a","hAT-Charlie","DNA",133,69,12
"86","Charlie17b","hAT-Charlie","DNA",194,116,34
"87","Charlie18a","hAT-Charlie","DNA",208,377,50
"88","Charlie19a","hAT-Charlie","DNA",109,138,27
"89","Charlie1","hAT-Charlie","DNA",229,316,586
"90","Charlie1a","hAT-Charlie","DNA",1419,1879,1491
"91","Charlie1b","hAT-Charlie","DNA",310,376,181
"92","Charlie20a","hAT-Charlie","DNA",64,127,23
"93","Charlie21a","hAT-Charlie","DNA",47,90,37
"94","Charlie22a","hAT-Charlie","DNA",90,109,27
"95","Charlie23a","hAT-Charlie","DNA",161,84,5
"96","Charlie24","hAT-Charlie","DNA",81,111,92
"97","Charlie25","hAT-Charlie","DNA",186,136,106
"98","Charlie26a","hAT-Charlie","DNA",148,100,37
"99","Charlie29a","hAT-Charlie","DNA",127,165,339
"100","Charlie29b","hAT-Charlie","DNA",204,232,482
"101","Charlie2a","hAT-Charlie","DNA",325,317,85
"102","Charlie2b","hAT-Charlie","DNA",410,1706,323
"103","Charlie30a","hAT-Charlie","DNA",46,93,16
"104","Charlie30b","hAT-Charlie","DNA",57,28,0
"105","Charlie31a","hAT-Charlie","DNA",106,136,48
"106","Charlie32a","hAT-Charlie","DNA",23,66,0
"107","Charlie3","hAT-Charlie","DNA",71,74,42
"108","Charlie4","hAT-Charlie","DNA",65,110,169
"109","Charlie4a","hAT-Charlie","DNA",305,392,169
"110","Charlie4z","hAT-Charlie","DNA",654,736,245
"111","Charlie5","hAT-Charlie","DNA",544,539,131
"112","Charlie6","hAT-Charlie","DNA",31,7,0
"113","Charlie7","hAT-Charlie","DNA",489,574,381
"114","Charlie7a","hAT-Charlie","DNA",104,150,47
"115","Charlie7b_Mars","hAT-Charlie","DNA",0,3,0
"116","Charlie8","hAT-Charlie","DNA",548,549,278
"117","Charlie9","hAT-Charlie","DNA",179,160,42
"118","Cheshire","hAT-Charlie","DNA",87,225,35
"119","Chompy-6_Croc","PIF-Harbinger","DNA",0,0,0
"120","D20S16","Satellite","Satellite",18,9,7
"121","DNA1_Mam","TcMar-Tc1","DNA",18,17,69
"122","ERV24B_Prim-int","ERV1","LTR",38,91,57
"123","ERV24_Prim-int","ERV1","LTR",116,430,142
"124","ERV3-16A3_I-int","ERVL","LTR",7010,6848,8331
"125","ERV3-16A3_LTR","ERVL","LTR",227,389,37
"126","ERVL-B4-int","ERVL","LTR",1132,1528,2189
"127","ERVL-E-int","ERVL","LTR",1440,1762,585
"128","ERVL-int","ERVL","LTR",250,216,141
"129","ERVL47-int","ERVL","LTR",13,46,21
"130","EUTREP14","EUTREP14","Unknown",103,67,1
"131","EUTREP15","ERV1","LTR",5,9,0
"132","EUTREP16","LTR","LTR",50,39,34
"133","EUTREP2","hAT","DNA",506,1105,201
"134","EUTREP4","PiggyBac","DNA",18,32,0
"135","EUTREP6","EUTREP6","Unknown",0,6,0
"136","EUTREP7","ERV1","LTR",12,17,0
"137","EUTREP8","LTR","LTR",29,34,27
"138","Eulor10","DNA","DNA",0,5,0
"139","Eulor11","DNA","DNA",0,3,0
"140","Eulor12","DNA","DNA",0,2,0
"141","Eulor1","DNA","DNA",0,3,0
"142","Eulor2A","DNA","DNA",0,7,0
"143","Eulor2B","DNA","DNA",2,2,0
"144","Eulor2C","DNA","DNA",0,2,0
"145","Eulor3","DNA","DNA",4,4,0
"146","Eulor4","Eulor4","Unknown",0,0,0
"147","Eulor5A","Crypton-A","DNA",32,36,12
"148","Eulor5B","Crypton-A","DNA",2,3,0
"149","Eulor6A","Crypton","DNA",44,61,5
"150","Eulor6B","Crypton","DNA",0,4,0
"151","Eulor6C","Crypton","DNA",0,0,0
"152","Eulor6D","Crypton","DNA",21,9,0
"153","Eulor6E","Crypton","DNA",0,2,0
"154","Eulor7","DNA","DNA",6,3,0
"155","Eulor8","TcMar","DNA",41,93,0
"156","Eulor9A","DNA","DNA",20,10,0
"157","Eulor9B","DNA","DNA",0,2,0
"158","Eulor9C","DNA","DNA",13,11,5
"159","EutTc1-N1","TcMar-Tc1","DNA",0,0,0
"160","EutTc1-N2","TcMar-Tc1","DNA",17,5,11
"161","EuthAT-2","hAT-Ac","DNA",195,169,690
"162","EuthAT-N1","hAT-Tip100","DNA",17,7,0
"163","EuthAT-N1a","hAT-Tip100","DNA",0,0,0
"164","Eutr10","ERVL","LTR",192,191,115
"165","Eutr11","DNA","DNA",140,110,69
"166","Eutr15","hAT-Tip100","DNA",12,34,7
"167","Eutr16","hAT-Tip100","DNA",35,43,10
"168","Eutr18","LTR","LTR?",85,121,200
"169","Eutr2","MULE-MuDR","DNA",5,20,4
"170","Eutr2B","MULE-MuDR","DNA",16,21,11
"171","Eutr5","LTR","LTR?",47,93,12
"172","FAM","Alu","SINE",484,588,287
"173","FLAM_A","Alu","SINE",1370,1878,1242
"174","FLAM_C","Alu","SINE",2610,3342,3271
"175","FRAM","Alu","SINE",1765,2735,862
"176","FordPrefect","hAT-Tip100","DNA",121,103,14
"177","FordPrefect_a","hAT-Tip100","DNA",31,35,58
"178","GSAT","centr","Satellite",0,1,0
"179","GSATII","centr","Satellite",0,13,28
"180","GSATX","centr","Satellite",124,326,47
"181","HAL1","L1","LINE",4063,5406,4591
"182","HAL1M8","L1","LINE",307,482,304
"183","HAL1ME","L1","LINE",800,848,608
"184","HAL1b","L1","LINE",707,748,278
"185","HERV-Fc1_LTR2","ERV1","LTR",0,0,0
"186","HERV15-int","ERV1","LTR",23,10,6
"187","HERV16-int","ERVL","LTR",346,484,241
"188","HERV17-int","ERV1","LTR",4102,5637,4116
"189","HERV1_I-int","ERV1","LTR",8,5,1
"190","HERV1_LTRa","ERV1","LTR",5,5,0
"191","HERV1_LTRb","ERV1","LTR",0,1,0
"192","HERV1_LTRc","ERV1","LTR",0,0,1
"193","HERV1_LTRd","ERV1","LTR",0,0,0
"194","HERV1_LTRe","ERV1","LTR",0,0,0
"195","HERV3-int","ERV1","LTR",217,279,54
"196","HERV30-int","ERV1","LTR",7,11,0
"197","HERV35I-int","ERV1","LTR",233,347,94
"198","HERV4_I-int","ERV1","LTR",58,54,35
"199","HERV9-int","ERV1","LTR",273,268,249
"200","HERV9N-int","ERV1","LTR",71,51,15
"201","HERV9NC-int","ERV1","LTR",60,82,13
"202","HERVE-int","ERV1","LTR",59,38,81
"203","HERVE_a-int","ERV1","LTR",109,27,0
"204","HERVFH19-int","ERV1","LTR",69,83,23
"205","HERVFH21-int","ERV1","LTR",61,15,0
"206","HERVH-int","ERV1","LTR",1400,1950,394
"207","HERVH48-int","ERV1","LTR",45,45,0
"208","HERVI-int","ERV1","LTR",29,23,65
"209","HERVIP10B3-int","ERV1","LTR",114,89,34
"210","HERVIP10F-int","ERV1","LTR",161,286,347
"211","HERVIP10FH-int","ERV1","LTR",270,290,899
"212","HERVK-int","ERVK","LTR",245,540,170
"213","HERVK11-int","ERVK","LTR",201,223,50
"214","HERVK11D-int","ERVK","LTR",23,7,0
"215","HERVK13-int","ERVK","LTR",23,19,12
"216","HERVK14-int","ERVK","LTR",117,165,48
"217","HERVK14C-int","ERVK","LTR",10,1,17
"218","HERVK22-int","ERVK","LTR",167,181,59
"219","HERVK3-int","ERVK","LTR",253,585,204
"220","HERVK9-int","ERVK","LTR",603,653,190
"221","HERVKC4-int","ERVK","LTR",6,24,15
"222","HERVL-int","ERVL","LTR",1116,1424,551
"223","HERVL18-int","ERVL","LTR",173,126,10
"224","HERVL32-int","ERVL","LTR",11,8,1
"225","HERVL40-int","ERVL","LTR",68,125,67
"226","HERVL66-int","ERVL","LTR",97,155,111
"227","HERVL74-int","ERVL","LTR",85,188,6
"228","HERVP71A-int","ERV1","LTR",144,52,9
"229","HERVS71-int","ERV1","LTR",3,11,0
"230","HSAT4","centr","Satellite",48,64,58
"231","HSAT5","Satellite","Satellite",17,79,17
"232","HSAT6","Satellite","Satellite",0,0,0
"233","HSATI","Satellite","Satellite",1,0,0
"234","HSMAR1","TcMar-Mariner","DNA",189,218,169
"235","HSMAR2","TcMar-Mariner","DNA",768,1088,295
"236","HUERS-P1-int","ERV1","LTR",161,198,65
"237","HUERS-P2-int","ERV1","LTR",62,22,17
"238","HUERS-P3-int","ERV1","LTR",169,206,54
"239","HUERS-P3b-int","ERV1","LTR",100,134,28
"240","Harlequin-int","ERV1","LTR",1611,2299,912
"241","Helitron1Na_Mam","Helitron","RC",22,20,0
"242","Helitron1Nb_Mam","Helitron","RC",39,6,6
"243","Helitron2Na_Mam","Helitron","RC?",38,36,9
"244","Helitron3Na_Mam","Helitron","RC",119,117,42
"245","Kanga11a","TcMar-Tc2","DNA",60,41,19
"246","Kanga1","TcMar-Tc2","DNA",84,62,37
"247","Kanga1a","TcMar-Tc2","DNA",139,222,228
"248","Kanga1b","TcMar-Tc2","DNA",72,84,21
"249","Kanga1c","TcMar-Tc2","DNA",28,71,126
"250","Kanga1d","TcMar-Tc2","DNA",45,75,37
"251","Kanga2_a","TcMar-Tc2","DNA",200,199,31
"252","L1M1","L1","LINE",3403,12881,1575
"253","L1M2","L1","LINE",2507,3531,1201
"254","L1M2a1","L1","LINE",45,10,0
"255","L1M2a","L1","LINE",122,167,70
"256","L1M2b","L1","LINE",76,72,0
"257","L1M2c","L1","LINE",140,77,54
"258","L1M3","L1","LINE",2222,1919,1023
"259","L1M3a","L1","LINE",159,106,26
"260","L1M3b","L1","LINE",142,194,39
"261","L1M3c","L1","LINE",140,110,62
"262","L1M3d","L1","LINE",253,234,881
"263","L1M3de","L1","LINE",174,98,72
"264","L1M3e","L1","LINE",82,75,36
"265","L1M3f","L1","LINE",150,238,186
"266","L1M4","L1","LINE",4420,4835,3524
"267","L1M4a1","L1","LINE",477,582,220
"268","L1M4a2","L1","LINE",191,272,22
"269","L1M4b","L1","LINE",2216,2534,1935
"270","L1M4c","L1","LINE",1658,2828,1595
"271","L1M5","L1","LINE",9886,12701,10198
"272","L1M6","L1","LINE",1024,889,686
"273","L1M6B","L1","LINE",57,59,111
"274","L1M7","L1","LINE",396,285,142
"275","L1M8","L1","LINE",339,574,285
"276","L1M","L1","LINE",102,74,22
"277","L1MA10","L1","LINE",625,703,202
"278","L1MA1","L1","LINE",1386,1186,841
"279","L1MA2","L1","LINE",2812,3046,1887
"280","L1MA3","L1","LINE",3415,3822,2974
"281","L1MA4","L1","LINE",2989,3280,1992
"282","L1MA4A","L1","LINE",2112,2491,916
"283","L1MA5","L1","LINE",826,1095,538
"284","L1MA5A","L1","LINE",883,1235,698
"285","L1MA6","L1","LINE",2370,2901,3074
"286","L1MA7","L1","LINE",1578,1950,1106
"287","L1MA8","L1","LINE",2385,2519,1364
"288","L1MA9","L1","LINE",4972,5847,5490
"289","L1MB1","L1","LINE",1293,1359,1505
"290","L1MB2","L1","LINE",1704,1611,799
"291","L1MB3","L1","LINE",3051,4215,1758
"292","L1MB4","L1","LINE",2237,2658,1035
"293","L1MB5","L1","LINE",2624,3608,3122
"294","L1MB7","L1","LINE",5462,7426,4463
"295","L1MB8","L1","LINE",3703,5168,2523
"296","L1MC1","L1","LINE",3253,3892,2490
"297","L1MC2","L1","LINE",2612,3352,1115
"298","L1MC3","L1","LINE",3803,4217,5704
"299","L1MC4","L1","LINE",4032,5752,2155
"300","L1MC4a","L1","LINE",2052,3101,1505
"301","L1MC5","L1","LINE",2863,3890,1591
"302","L1MC5a","L1","LINE",3112,3386,3017
"303","L1MC","L1","LINE",895,1485,393
"304","L1MCa","L1","LINE",2596,1974,1334
"305","L1MCb","L1","LINE",532,819,562
"306","L1MCc","L1","LINE",544,583,485
"307","L1MD1","L1","LINE",5640,7008,5592
"308","L1MD2","L1","LINE",2265,2196,792
"309","L1MD3","L1","LINE",1091,1521,1122
"310","L1MD","L1","LINE",1447,1702,715
"311","L1MDa","L1","LINE",2398,3593,1931
"312","L1MDb","L1","LINE",109,157,32
"313","L1ME1","L1","LINE",8408,10964,7492
"314","L1ME2","L1","LINE",2357,2810,1497
"315","L1ME2z","L1","LINE",1501,1685,554
"316","L1ME3","L1","LINE",2782,3479,3607
"317","L1ME3A","L1","LINE",4159,3973,7648
"318","L1ME3B","L1","LINE",1381,1721,455
"319","L1ME3C","L1","LINE",525,634,509
"320","L1ME3Cz","L1","LINE",2504,2951,5056
"321","L1ME3D","L1","LINE",664,711,391
"322","L1ME3E","L1","LINE",984,806,241
"323","L1ME3F","L1","LINE",643,1155,410
"324","L1ME3G","L1","LINE",3765,6055,11777
"325","L1ME4a","L1","LINE",6395,7889,25019
"326","L1ME4b","L1","LINE",4530,6170,3978
"327","L1ME4c","L1","LINE",875,1268,489
"328","L1ME5","L1","LINE",563,560,619
"329","L1MEa","L1","LINE",130,318,19
"330","L1MEb","L1","LINE",393,418,177
"331","L1MEc","L1","LINE",3705,4108,2047
"332","L1MEd","L1","LINE",10953,14059,10862
"333","L1MEf","L1","LINE",2220,2686,1922
"334","L1MEg1","L1","LINE",120,136,9
"335","L1MEg2","L1","LINE",115,198,28
"336","L1MEg","L1","LINE",2295,2629,1062
"337","L1MEh","L1","LINE",450,447,687
"338","L1MEi","L1","LINE",815,816,418
"339","L1MEj","L1","LINE",261,264,215
"340","L1P1","L1","LINE",1898,2880,673
"341","L1P2","L1","LINE",947,1360,972
"342","L1P3","L1","LINE",2081,2293,1503
"343","L1P3b","L1","LINE",2,14,0
"344","L1P4","L1","LINE",622,898,182
"345","L1P4a","L1","LINE",128,91,24
"346","L1P4b","L1","LINE",19,45,0
"347","L1P4c","L1","LINE",19,7,4
"348","L1P4d","L1","LINE",87,139,87
"349","L1P4e","L1","LINE",12,30,1
"350","L1P5","L1","LINE",18,29,0
"351","L1P","L1","LINE",12,22,25
"352","L1PA10","L1","LINE",3714,4238,1218
"353","L1PA11","L1","LINE",44277,38911,6312
"354","L1PA12","L1","LINE",543,401,203
"355","L1PA13","L1","LINE",3679,5166,3783
"356","L1PA14","L1","LINE",797,567,301
"357","L1PA15-16","L1","LINE",446,512,45
"358","L1PA15","L1","LINE",2761,2825,1230
"359","L1PA16","L1","LINE",4455,5828,3921
"360","L1PA17","L1","LINE",1416,1784,430
"361","L1PA2","L1","LINE",120,64,32
"362","L1PA3","L1","LINE",24587,30141,34858
"363","L1PA4","L1","LINE",7609,8428,3570
"364","L1PA5","L1","LINE",5935,6814,2178
"365","L1PA6","L1","LINE",4004,4644,1687
"366","L1PA7","L1","LINE",8670,10578,12453
"367","L1PA8","L1","LINE",2857,2996,1194
"368","L1PA8A","L1","LINE",1317,1709,979
"369","L1PB1","L1","LINE",5491,6736,2387
"370","L1PB2","L1","LINE",1152,1277,463
"371","L1PB3","L1","LINE",942,999,551
"372","L1PB4","L1","LINE",1163,1487,445
"373","L1PB","L1","LINE",296,547,209
"374","L1PBa1","L1","LINE",147,74,12
"375","L1PBa","L1","LINE",881,1588,453
"376","L1PBb","L1","LINE",59,63,19
"377","L1PREC2","L1","LINE",1992,2467,865
"378","L2-1_AMi","L2","LINE",173,250,64
"379","L2-1_Crp","L2","LINE",7,1,0
"380","L2-2_Mam","L2","LINE",42,55,116
"381","L2","L2","LINE",9140,11409,6913
"382","L2a","L2","LINE",27850,35764,27579
"383","L2b","L2","LINE",18046,23824,15882
"384","L2c","L2","LINE",21814,27841,20525
"385","L2d2","L2","LINE",7125,9334,8491
"386","L2d","L2","LINE",3419,4165,1724
"387","L3","CR1","LINE",6317,8248,3773
"388","L3b","CR1","LINE",1259,1759,1280
"389","L4_A_Mam","RTE-X","LINE",989,1277,1774
"390","L4_B_Mam","RTE-X","LINE",402,533,160
"391","L4_C_Mam","RTE-X","LINE",1014,1445,3698
"392","L5","RTE-X","LINE",54,108,10
"393","LOR1-int","ERV1","LTR",408,327,151
"394","LOR1a","ERV1","LTR",8606,9660,10140
"395","LOR1b","ERV1","LTR",87,64,6
"396","LSAU","Satellite","Satellite",1,12,0
"397","LTR06","ERV1","LTR",1,24,0
"398","LTR101_Mam","ERVL","LTR",69,87,21
"399","LTR102_Mam","ERVL","LTR",290,334,31
"400","LTR103_Mam","ERV1","LTR",45,61,9
"401","LTR103b_Mam","ERV1","LTR",18,37,78
"402","LTR104_Mam","Gypsy","LTR",140,246,47
"403","LTR105_Mam","ERVL","LTR",56,78,0
"404","LTR106_Mam","LTR","LTR",72,114,23
"405","LTR107_Mam","LTR","LTR",45,33,4
"406","LTR108a_Mam","ERVL","LTR",1,11,0
"407","LTR108b_Mam","ERVL","LTR",19,7,4
"408","LTR108c_Mam","ERVL","LTR",0,6,7
"409","LTR108d_Mam","ERVL","LTR",2,2,0
"410","LTR108e_Mam","ERVL","LTR",14,23,0
"411","LTR109A2","ERV1","LTR",17,4,0
"412","LTR10A","ERV1","LTR",35,62,0
"413","LTR10B1","ERV1","LTR",36,15,23
"414","LTR10B2","ERV1","LTR",8,10,0
"415","LTR10B","ERV1","LTR",1,24,0
"416","LTR10C","ERV1","LTR",67,88,27
"417","LTR10D","ERV1","LTR",46,52,23
"418","LTR10E","ERV1","LTR",63,48,42
"419","LTR10F","ERV1","LTR",820,968,1710
"420","LTR10G","ERV1","LTR",8,19,5
"421","LTR12","ERV1","LTR",281,296,82
"422","LTR12B","ERV1","LTR",242,285,375
"423","LTR12C","ERV1","LTR",1863,3324,1375
"424","LTR12D","ERV1","LTR",124,136,10
"425","LTR12E","ERV1","LTR",34,39,0
"426","LTR12F","ERV1","LTR",206,262,355
"427","LTR12_","ERV1","LTR",94,156,15
"428","LTR13","ERVK","LTR",236,356,297
"429","LTR13A","ERVK","LTR",44,30,29
"430","LTR13_","ERVK","LTR",15,7,3
"431","LTR14","ERVK","LTR",5,13,33
"432","LTR14A","ERVK","LTR",27,5,0
"433","LTR14B","ERVK","LTR",103,121,40
"434","LTR14C","ERVK","LTR",11,4,0
"435","LTR15","ERV1","LTR",11,29,0
"436","LTR16","ERVL","LTR",503,700,135
"437","LTR16A1","ERVL","LTR",1718,1150,4814
"438","LTR16A2","ERVL","LTR",304,422,224
"439","LTR16A","ERVL","LTR",661,689,594
"440","LTR16B1","ERVL","LTR",132,112,13
"441","LTR16B2","ERVL","LTR",321,360,1068
"442","LTR16B","ERVL","LTR",133,169,137
"443","LTR16C","ERVL","LTR",1088,1967,584
"444","LTR16D1","ERVL","LTR",20,11,14
"445","LTR16D2","ERVL","LTR",18,9,13
"446","LTR16D","ERVL","LTR",237,394,16
"447","LTR16E1","ERVL","LTR",533,1066,511
"448","LTR16E2","ERVL","LTR",284,215,121
"449","LTR17","ERV1","LTR",224,245,341
"450","LTR18A","ERVL","LTR",24,66,6
"451","LTR18B","ERVL","LTR",106,133,14
"452","LTR18C","ERVL","LTR",2,3,0
"453","LTR19-int","ERV1","LTR",210,368,530
"454","LTR19A","ERV1","LTR",67,116,40
"455","LTR19B","ERV1","LTR",26,33,22
"456","LTR19C","ERV1","LTR",15,16,0
"457","LTR1","ERV1","LTR",260,493,112
"458","LTR1A1","ERV1","LTR",160,1268,84
"459","LTR1A2","ERV1","LTR",247,306,49
"460","LTR1B0","ERV1","LTR",28,38,0
"461","LTR1B1","ERV1","LTR",119,93,131
"462","LTR1B","ERV1","LTR",57,103,6
"463","LTR1C1","ERV1","LTR",3,4,2
"464","LTR1C3","ERV1","LTR",2,2,0
"465","LTR1C","ERV1","LTR",0,1,0
"466","LTR1D1","ERV1","LTR",144,126,19
"467","LTR1D","ERV1","LTR",78,69,32
"468","LTR1E","ERV1","LTR",107,164,26
"469","LTR1F1","ERV1","LTR",54,23,52
"470","LTR1F2","ERV1","LTR",38,52,3
"471","LTR1F","ERV1","LTR",57,40,1
"472","LTR21A","ERV1","LTR",11,8,0
"473","LTR21B","ERV1","LTR",0,0,0
"474","LTR21C","ERV1","LTR",2,2,0
"475","LTR22","ERVK","LTR",3,5,0
"476","LTR22A","ERVK","LTR",16,31,4
"477","LTR22B1","ERVK","LTR",25,24,0
"478","LTR22B2","ERVK","LTR",0,0,0
"479","LTR22B","ERVK","LTR",7,8,0
"480","LTR22C0","ERVK","LTR",9,4,8
"481","LTR22C2","ERVK","LTR",22,8,0
"482","LTR22C","ERVK","LTR",3,3,0
"483","LTR22E","ERVK","LTR",240,388,272
"484","LTR23-int","ERV1","LTR",15,40,1
"485","LTR23","ERV1","LTR",105,146,45
"486","LTR24","ERV1","LTR",52,104,34
"487","LTR24B","ERV1","LTR",50,89,2
"488","LTR24C","ERV1","LTR",42,114,47
"489","LTR25-int","ERV1","LTR",25,23,24
"490","LTR25","ERV1","LTR",8,3,6
"491","LTR26","ERV1","LTR",112,245,94
"492","LTR26B","ERV1","LTR",293,600,55
"493","LTR26E","ERV1","LTR",59,37,26
"494","LTR2752","ERV1","LTR",62,72,26
"495","LTR27","ERV1","LTR",131,170,555
"496","LTR27B","ERV1","LTR",38,74,33
"497","LTR27C","ERV1","LTR",9,25,10
"498","LTR27D","ERV1","LTR",29,18,32
"499","LTR27E","ERV1","LTR",71,96,0
"500","LTR28","ERV1","LTR",66,96,0
"501","LTR28B","ERV1","LTR",41,58,17
"502","LTR28C","ERV1","LTR",61,74,7
"503","LTR29","ERV1","LTR",99,61,1
"504","LTR2","ERV1","LTR",211,454,434
"505","LTR2B","ERV1","LTR",99,99,37
"506","LTR2C","ERV1","LTR",31,37,4
"507","LTR30","ERV1","LTR",15,44,22
"508","LTR31","ERV1","LTR",42,94,11
"509","LTR32","ERVL","LTR",155,196,49
"510","LTR33","ERVL","LTR",1103,1256,370
"511","LTR33A","ERVL","LTR",340,1564,1751
"512","LTR33A_","ERVL","LTR",170,133,59
"513","LTR33B","ERVL","LTR",271,332,397
"514","LTR33C","ERVL","LTR",167,288,1461
"515","LTR34","ERV1","LTR",37,57,1
"516","LTR35","ERV1","LTR",2,20,6
"517","LTR35A","ERV1","LTR",7,22,0
"518","LTR35B","ERV1","LTR",10,22,0
"519","LTR36","ERV1","LTR",65,65,16
"520","LTR37-int","ERV1","LTR",420,863,1122
"521","LTR37A","ERV1","LTR",282,334,143
"522","LTR37B","ERV1","LTR",166,105,50
"523","LTR38-int","ERV1","LTR",0,0,0
"524","LTR38","ERV1","LTR",51,119,1
"525","LTR38A1","ERV1","LTR",32,24,0
"526","LTR38B","ERV1","LTR",4,13,5
"527","LTR38C","ERV1","LTR",6,5,1
"528","LTR39-int","ERV1","LTR",8,4,2
"529","LTR39","ERV1","LTR",406,637,317
"530","LTR3","ERVK","LTR",23,34,4
"531","LTR3A","ERVK","LTR",33,46,45
"532","LTR3B","ERVK","LTR",10,24,10
"533","LTR3B_","ERVK","LTR",28,89,260
"534","LTR40A1","ERVL","LTR",70,21,38
"535","LTR40a","ERVL","LTR",216,225,201
"536","LTR40b","ERVL","LTR",153,172,160
"537","LTR40c","ERVL","LTR",74,64,19
"538","LTR41","ERVL","LTR",103,100,57
"539","LTR41B","ERVL","LTR",76,152,13
"540","LTR41C","ERVL","LTR",153,75,46
"541","LTR42","ERVL","LTR",37,50,117
"542","LTR43-int","ERV1","LTR",1,6,0
"543","LTR43","ERV1","LTR",32,55,21
"544","LTR43B","ERV1","LTR",25,26,0
"545","LTR44","ERV1","LTR",59,46,4
"546","LTR45","ERV1","LTR",24,37,0
"547","LTR45B","ERV1","LTR",68,58,2
"548","LTR45C","ERV1","LTR",240,329,137
"549","LTR46-int","ERV1","LTR",63,24,0
"550","LTR46","ERV1","LTR",17,38,20
"551","LTR47A2","ERVL","LTR",10,30,20
"552","LTR47A","ERVL","LTR",384,456,46
"553","LTR47B2","ERVL","LTR",8,20,0
"554","LTR47B3","ERVL","LTR",27,12,0
"555","LTR47B4","ERVL","LTR",11,6,0
"556","LTR47B","ERVL","LTR",0,0,0
"557","LTR48","ERV1","LTR",99,140,47
"558","LTR48B","ERV1","LTR",50,60,267
"559","LTR49-int","ERV1","LTR",810,1060,118
"560","LTR49","ERV1","LTR",91,95,19
"561","LTR4","ERV1","LTR",0,17,3
"562","LTR50","ERVL","LTR",325,321,208
"563","LTR51","ERV1","LTR",74,52,16
"564","LTR52-int","ERVL","LTR",37,24,9
"565","LTR52","ERVL","LTR",99,88,13
"566","LTR53-int","ERVL","LTR",114,119,33
"567","LTR53","ERVL","LTR",64,69,4
"568","LTR53B","ERVL","LTR",55,72,4
"569","LTR54","ERV1","LTR",257,192,22
"570","LTR54B","ERV1","LTR",55,62,15
"571","LTR55","ERVL","LTR",68,50,0
"572","LTR56","ERV1","LTR",383,444,2056
"573","LTR57-int","ERVL","LTR",62,129,11
"574","LTR57","ERVL","LTR",19,12,0
"575","LTR58","ERV1","LTR",4,8,6
"576","LTR59","ERV1","LTR",12,31,0
"577","LTR5","ERVK","LTR",211,371,121
"578","LTR5A","ERVK","LTR",33,55,25
"579","LTR5B","ERVK","LTR",473,1123,319
"580","LTR60","ERV1","LTR",0,0,6
"581","LTR60B","ERV1","LTR",20,12,1
"582","LTR61","ERV1","LTR",18,64,34
"583","LTR62","ERVL","LTR",83,76,197
"584","LTR64","ERV1","LTR",5,37,37
"585","LTR65","ERV1","LTR",225,303,122
"586","LTR66","ERVL","LTR",68,179,47
"587","LTR67B","ERVL","LTR",438,950,27
"588","LTR68","ERV1","LTR",33,36,8
"589","LTR69","ERVL","LTR",8,2,0
"590","LTR6A","ERV1","LTR",27,77,6
"591","LTR6B","ERV1","LTR",33,31,16
"592","LTR70","ERV1","LTR",69,82,6
"593","LTR71A","ERV1","LTR",2,5,6
"594","LTR71B","ERV1","LTR",19,28,0
"595","LTR72","ERV1","LTR",34,137,331
"596","LTR72B","ERV1","LTR",22,12,7
"597","LTR73","ERV1","LTR",129,56,27
"598","LTR75","ERVL","LTR",13,33,25
"599","LTR75B","ERVL","LTR",22,11,0
"600","LTR75_1","ERV1","LTR",29,40,1
"601","LTR76","ERV1","LTR",11,27,21
"602","LTR77","ERV1","LTR",40,110,30
"603","LTR78","ERV1","LTR",1328,1923,1976
"604","LTR78B","ERV1","LTR",424,330,461
"605","LTR79","ERVL","LTR",524,484,380
"606","LTR7","ERV1","LTR",285,375,126
"607","LTR7B","ERV1","LTR",87,156,57
"608","LTR7C","ERV1","LTR",49,58,6
"609","LTR80A","ERVL","LTR",29,34,14
"610","LTR80B","ERVL","LTR",62,66,1
"611","LTR81","Gypsy","LTR",52,59,47
"612","LTR81A","Gypsy","LTR",116,187,122
"613","LTR81AB","Gypsy","LTR",78,86,30
"614","LTR81B","Gypsy","LTR",67,112,44
"615","LTR81C","Gypsy","LTR",111,56,8
"616","LTR82A","ERVL","LTR",84,82,26
"617","LTR82B","ERVL","LTR",123,52,0
"618","LTR83","ERVL","LTR",42,128,105
"619","LTR84a","ERVL","LTR",384,534,48
"620","LTR84b","ERVL","LTR",123,152,148
"621","LTR85a","Gypsy","LTR",269,401,321
"622","LTR85b","Gypsy","LTR",144,185,19
"623","LTR85c","Gypsy","LTR",268,278,187
"624","LTR86A1","ERVL","LTR",136,84,19
"625","LTR86A2","ERVL","LTR",10,13,6
"626","LTR86B1","ERVL","LTR",38,84,74
"627","LTR86B2","ERVL","LTR",28,6,0
"628","LTR86C","ERVL","LTR",20,15,6
"629","LTR87","ERVL","LTR",33,70,19
"630","LTR88a","Gypsy","LTR",108,130,22
"631","LTR88b","Gypsy","LTR",170,299,66
"632","LTR88c","Gypsy","LTR",74,158,64
"633","LTR89","ERVL","LTR",240,352,130
"634","LTR89B","ERVL","LTR",47,49,7
"635","LTR8","ERV1","LTR",433,733,581
"636","LTR8A","ERV1","LTR",282,305,203
"637","LTR8B","ERV1","LTR",725,871,130
"638","LTR90A","LTR","LTR",18,22,10
"639","LTR90B","LTR","LTR",12,28,0
"640","LTR91","LTR","LTR",60,78,18
"641","LTR91A","LTR","LTR",194,281,48
"642","LTR9","ERV1","LTR",477,585,96
"643","LTR9A1","ERV1","LTR",147,183,5
"644","LTR9B","ERV1","LTR",198,166,39
"645","LTR9C","ERV1","LTR",41,40,0
"646","LTR9D","ERV1","LTR",107,154,66
"647","Looper","PiggyBac","DNA",136,70,57
"648","MADE1","TcMar-Mariner","DNA",471,395,218
"649","MADE2","TcMar-Mariner","DNA",250,349,100
"650","MARE10","TcMar-Tigger","DNA",1,3,0
"651","MARE11","MARE11","Unknown",0,3,0
"652","MARE4","hAT-Tip100","DNA",44,32,1
"653","MARE6","L1-Tx1","LINE",64,8,0
"654","MARE8","DNA","DNA",14,20,70
"655","MARE9","MARE9","Unknown",0,0,0
"656","MARNA","TcMar-Mariner","DNA",489,674,140
"657","MER101-int","ERV1","LTR",330,681,245
"658","MER101","ERV1","LTR",16,97,18
"659","MER101B","ERV1","LTR",51,35,25
"660","MER102a","hAT-Charlie","DNA",284,461,46
"661","MER102b","hAT-Charlie","DNA",343,428,74
"662","MER102c","hAT-Charlie","DNA",382,517,161
"663","MER103C","hAT-Charlie","DNA",1216,2013,867
"664","MER104","TcMar-Tc2","DNA",158,100,23
"665","MER105","hAT-Charlie","DNA",68,57,116
"666","MER106A","hAT-Charlie","DNA",19,42,19
"667","MER106B","hAT-Charlie","DNA",94,100,29
"668","MER107","hAT-Charlie","DNA",16,19,0
"669","MER110-int","ERV1","LTR",59,121,46
"670","MER110","ERV1","LTR",65,42,12
"671","MER110A","ERV1","LTR",166,70,36
"672","MER112","hAT-Charlie","DNA",833,929,1760
"673","MER113","hAT-Charlie","DNA",622,575,421
"674","MER113A","hAT-Charlie","DNA",323,594,160
"675","MER115","hAT-Tip100","DNA",470,514,234
"676","MER117","hAT-Charlie","DNA",501,596,114
"677","MER119","hAT-Charlie","DNA",94,124,282
"678","MER11A","ERVK","LTR",204,193,288
"679","MER11B","ERVK","LTR",170,184,39
"680","MER11C","ERVK","LTR",541,855,464
"681","MER11D","ERVK","LTR",29,25,1
"682","MER121","hAT","DNA",101,128,29
"683","MER121B","hAT","DNA",2,7,4
"684","MER123","DNA","DNA",37,32,0
"685","MER124","DNA","DNA",95,101,28
"686","MER125","Merlin","DNA",0,11,0
"687","MER126","DNA","DNA",2,9,0
"688","MER127","TcMar-Tigger","DNA",39,48,12
"689","MER129","LTR","LTR?",3,3,0
"690","MER130","DNA","DNA",38,21,0
"691","MER131","DNA","DNA",129,160,32
"692","MER132","TcMar-Pogo","DNA",0,2,0
"693","MER133A","PIF-Harbinger","DNA",4,0,0
"694","MER133B","PIF-Harbinger","DNA",1,2,0
"695","MER134","Crypton","DNA",29,5,7
"696","MER135","DNA","DNA",48,29,4
"697","MER136","Merlin","DNA",0,1,0
"698","MER1A","hAT-Charlie","DNA",10493,3769,2221
"699","MER1B","hAT-Charlie","DNA",2868,2926,1653
"700","MER20","hAT-Charlie","DNA",1829,2532,1430
"701","MER20B","hAT-Charlie","DNA",551,706,635
"702","MER21-int","ERVL","LTR",62,74,41
"703","MER21A","ERVL","LTR",287,265,89
"704","MER21B","ERVL","LTR",500,755,204
"705","MER21C","ERVL","LTR",1762,4076,1885
"706","MER2","TcMar-Tigger","DNA",978,1382,280
"707","MER2B","TcMar-Tigger","DNA",94,116,56
"708","MER30","hAT-Charlie","DNA",367,447,280
"709","MER30B","hAT-Charlie","DNA",7,21,4
"710","MER31-int","ERV1","LTR",86,92,51
"711","MER31A","ERV1","LTR",207,252,60
"712","MER31B","ERV1","LTR",183,268,97
"713","MER33","hAT-Charlie","DNA",1053,1435,296
"714","MER34-int","ERV1","LTR",12,14,41
"715","MER34","ERV1","LTR",142,99,74
"716","MER34A1","ERV1","LTR",112,122,83
"717","MER34A","ERV1","LTR",150,225,197
"718","MER34B-int","ERV1","LTR",48,62,66
"719","MER34B","ERV1","LTR",381,423,89
"720","MER34C2","ERV1","LTR",77,56,39
"721","MER34C","ERV1","LTR",9,8,0
"722","MER34C_","ERV1","LTR",165,199,44
"723","MER34D","ERV1","LTR",38,54,0
"724","MER39","ERV1","LTR",417,544,159
"725","MER39B","ERV1","LTR",221,224,78
"726","MER3","hAT-Charlie","DNA",993,1254,421
"727","MER4-int","ERV1","LTR",806,1538,3044
"728","MER41-int","ERV1","LTR",530,450,211
"729","MER41A","ERV1","LTR",361,669,275
"730","MER41B","ERV1","LTR",862,1182,1067
"731","MER41C","ERV1","LTR",133,121,37
"732","MER41D","ERV1","LTR",84,182,26
"733","MER41E","ERV1","LTR",35,228,0
"734","MER41G","ERV1","LTR",18,32,4
"735","MER44A","TcMar-Tigger","DNA",442,484,467
"736","MER44B","TcMar-Tigger","DNA",301,386,326
"737","MER44C","TcMar-Tigger","DNA",230,383,68
"738","MER44D","TcMar-Tigger","DNA",66,151,81
"739","MER45A","hAT-Tip100","DNA",283,391,212
"740","MER45B","hAT-Tip100","DNA",157,179,77
"741","MER45C","hAT-Tip100","DNA",173,173,0
"742","MER45R","hAT-Tip100","DNA",46,85,111
"743","MER46C","TcMar-Tigger","DNA",322,390,632
"744","MER47A","TcMar-Tigger","DNA",585,665,230
"745","MER47B","TcMar-Tigger","DNA",60,237,11
"746","MER47C","TcMar-Tigger","DNA",77,69,2
"747","MER48","ERV1","LTR",18,16,0
"748","MER49","ERV1","LTR",202,354,302
"749","MER4A1","ERV1","LTR",787,1480,386
"750","MER4A1_","ERV1","LTR",52,53,6
"751","MER4A","ERV1","LTR",145,283,57
"752","MER4B-int","ERV1","LTR",244,268,94
"753","MER4B","ERV1","LTR",286,295,283
"754","MER4C","ERV1","LTR",98,127,34
"755","MER4CL34","ERV1","LTR",50,57,45
"756","MER4D0","ERV1","LTR",97,102,45
"757","MER4D1","ERV1","LTR",928,889,1835
"758","MER4D","ERV1","LTR",113,228,237
"759","MER4E1","ERV1","LTR",267,313,95
"760","MER4E","ERV1","LTR",166,100,64
"761","MER50-int","ERV1","LTR",57,113,10
"762","MER50","ERV1","LTR",336,491,100
"763","MER50B","ERV1","LTR",79,125,39
"764","MER50C","ERV1","LTR",0,0,0
"765","MER51-int","ERV1","LTR",494,722,539
"766","MER51A","ERV1","LTR",213,329,291
"767","MER51B","ERV1","LTR",43,61,40
"768","MER51C","ERV1","LTR",27,35,19
"769","MER51D","ERV1","LTR",11,4,0
"770","MER51E","ERV1","LTR",41,82,57
"771","MER52-int","ERV1","LTR",96,93,50
"772","MER52A","ERV1","LTR",759,950,541
"773","MER52C","ERV1","LTR",250,237,24
"774","MER52D","ERV1","LTR",91,116,33
"775","MER53","hAT-Blackjack","DNA",624,971,1054
"776","MER54A","ERVL","LTR",82,145,81
"777","MER54B","ERVL","LTR",86,199,10
"778","MER57-int","ERV1","LTR",545,779,162
"779","MER57A-int","ERV1","LTR",387,517,198
"780","MER57A1","ERV1","LTR",230,312,54
"781","MER57B1","ERV1","LTR",70,125,77
"782","MER57B2","ERV1","LTR",205,268,69
"783","MER57C1","ERV1","LTR",14,27,0
"784","MER57C2","ERV1","LTR",58,117,64
"785","MER57D","ERV1","LTR",79,167,16
"786","MER57E1","ERV1","LTR",69,46,14
"787","MER57E2","ERV1","LTR",0,1,0
"788","MER57E3","ERV1","LTR",16,30,9
"789","MER57F","ERV1","LTR",40,115,5
"790","MER58A","hAT-Charlie","DNA",1425,1505,961
"791","MER58B","hAT-Charlie","DNA",937,1256,301
"792","MER58C","hAT-Charlie","DNA",671,657,135
"793","MER58D","hAT-Charlie","DNA",70,75,33
"794","MER5A1","hAT-Charlie","DNA",2048,3388,2607
"795","MER5A","hAT-Charlie","DNA",3563,4164,2322
"796","MER5B","hAT-Charlie","DNA",2200,2784,1513
"797","MER5C1","hAT-Charlie","DNA",67,89,2
"798","MER5C","hAT-Charlie","DNA",300,543,86
"799","MER61-int","ERV1","LTR",728,1028,124
"800","MER61A","ERV1","LTR",133,69,25
"801","MER61B","ERV1","LTR",16,38,10
"802","MER61C","ERV1","LTR",37,21,0
"803","MER61D","ERV1","LTR",35,50,28
"804","MER61E","ERV1","LTR",16,40,19
"805","MER61F","ERV1","LTR",40,36,33
"806","MER63A","hAT-Tip100","DNA",438,575,208
"807","MER63B","hAT-Tip100","DNA",306,422,83
"808","MER63C","hAT-Tip100","DNA",78,110,101
"809","MER63D","hAT-Tip100","DNA",138,168,166
"810","MER65-int","ERV1","LTR",253,247,65
"811","MER65A","ERV1","LTR",251,253,664
"812","MER65B","ERV1","LTR",3,37,13
"813","MER65C","ERV1","LTR",118,81,25
"814","MER65D","ERV1","LTR",44,45,2
"815","MER66-int","ERV1","LTR",373,537,357
"816","MER66A","ERV1","LTR",247,222,4070
"817","MER66B","ERV1","LTR",305,381,540
"818","MER66C","ERV1","LTR",116,86,24
"819","MER66D","ERV1","LTR",1,24,0
"820","MER67A","ERV1","LTR",50,244,84
"821","MER67B","ERV1","LTR",75,23,5
"822","MER67C","ERV1","LTR",147,304,364
"823","MER67D","ERV1","LTR",189,361,309
"824","MER68-int","ERVL","LTR",33,6,11
"825","MER68","ERVL","LTR",626,1618,91
"826","MER68B","ERVL","LTR",172,258,21
"827","MER68C","ERVL","LTR",13,11,0
"828","MER6","TcMar-Tigger","DNA",192,297,5
"829","MER6A","TcMar-Tigger","DNA",152,165,41
"830","MER6B","TcMar-Tigger","DNA",121,163,4
"831","MER6C","TcMar-Tigger","DNA",18,6,0
"832","MER70-int","ERVL","LTR",21,39,32
"833","MER70A","ERVL","LTR",203,231,494
"834","MER70B","ERVL","LTR",55,28,0
"835","MER70C","ERVL","LTR",63,48,11
"836","MER72","ERV1","LTR",81,102,49
"837","MER72B","ERV1","LTR",17,26,6
"838","MER73","ERVL","LTR",59,46,13
"839","MER74A","ERVL","LTR",457,508,118
"840","MER74B","ERVL","LTR",232,123,73
"841","MER74C","ERVL","LTR",14,15,11
"842","MER75","PiggyBac","DNA",16,54,21
"843","MER75A","PiggyBac","DNA",2,1,0
"844","MER75B","PiggyBac","DNA",1,4,0
"845","MER76-int","ERVL","LTR",22,3,0
"846","MER76","ERVL","LTR",51,72,3
"847","MER77","ERVL","LTR",310,388,154
"848","MER77B","ERVL","LTR",289,366,173
"849","MER81","hAT-Blackjack","DNA",259,391,38
"850","MER83","ERV1","LTR",543,508,1087
"851","MER83A-int","ERV1","LTR",287,273,45
"852","MER83B-int","ERV1","LTR",18,162,2
"853","MER83B","ERV1","LTR",6,5,0
"854","MER83C","ERV1","LTR",29,5,1
"855","MER84-int","ERV1","LTR",15,11,0
"856","MER84","ERV1","LTR",83,94,158
"857","MER85","PiggyBac","DNA",127,126,15
"858","MER87","ERV1","LTR",51,49,16
"859","MER87B","ERV1","LTR",98,171,9
"860","MER88","ERVL","LTR",48,133,2
"861","MER89-int","ERV1","LTR",67,41,25
"862","MER89","ERV1","LTR",180,288,82
"863","MER8","TcMar-Tigger","DNA",147,204,74
"864","MER90","ERV1","LTR",186,269,51
"865","MER90a","ERV1","LTR",409,479,47
"866","MER91A","hAT-Tip100","DNA",407,597,308
"867","MER91B","hAT-Tip100","DNA",43,77,14
"868","MER91C","hAT-Tip100","DNA",164,156,218
"869","MER92-int","ERV1","LTR",154,167,20
"870","MER92A","ERV1","LTR",10,10,0
"871","MER92B","ERV1","LTR",62,164,60
"872","MER92C","ERV1","LTR",11,7,11
"873","MER92D","ERV1","LTR",18,25,32
"874","MER94","hAT-Blackjack","DNA",310,430,191
"875","MER94B","hAT-Blackjack","DNA",49,72,36
"876","MER95","ERV1","LTR",5,22,10
"877","MER96","hAT-Tip100","DNA",62,95,88
"878","MER96B","hAT-Tip100","DNA",446,551,22
"879","MER97a","hAT-Tip100","DNA",25,66,7
"880","MER97b","hAT-Tip100","DNA",60,28,27
"881","MER97c","hAT-Tip100","DNA",8,21,4
"882","MER97d","hAT-Tip100","DNA",36,43,14
"883","MER99","hAT","DNA",25,18,1
"884","MER9B","ERVK","LTR",1,0,0
"885","MER9a1","ERVK","LTR",205,102,20
"886","MER9a2","ERVK","LTR",24,29,40
"887","MER9a3","ERVK","LTR",264,268,31
"888","MERX","TcMar-Tigger","DNA",131,196,27
"889","MIR1_Amn","MIR","SINE",1156,1783,752
"890","MIR3","MIR","SINE",11965,16874,11740
"891","MIR","MIR","SINE",24204,34686,20334
"892","MIRb","MIR","SINE",33730,44060,34956
"893","MIRc","MIR","SINE",13489,20651,15325
"894","MLT-int","ERVL-MaLR","LTR",29,35,1
"895","MLT1-int","ERVL-MaLR","LTR",27,18,0
"896","MLT1A-int","ERVL-MaLR","LTR",91,81,72
"897","MLT1A0-int","ERVL-MaLR","LTR",92,216,34
"898","MLT1A0","ERVL-MaLR","LTR",3651,4773,2426
"899","MLT1A1-int","ERVL-MaLR","LTR",370,529,65
"900","MLT1A1","ERVL-MaLR","LTR",1481,1686,681
"901","MLT1A","ERVL-MaLR","LTR",1732,1997,1666
"902","MLT1B-int","ERVL-MaLR","LTR",35,87,6
"903","MLT1B","ERVL-MaLR","LTR",2211,3405,1372
"904","MLT1C-int","ERVL-MaLR","LTR",6,2,0
"905","MLT1C2-int","ERVL-MaLR","LTR",76,74,69
"906","MLT1C2","ERVL-MaLR","LTR",6054,7299,8135
"907","MLT1C","ERVL-MaLR","LTR",1608,1664,556
"908","MLT1D-int","ERVL-MaLR","LTR",97,63,38
"909","MLT1D","ERVL-MaLR","LTR",4294,5433,7726
"910","MLT1E-int","ERVL-MaLR","LTR",0,0,0
"911","MLT1E1-int","ERVL-MaLR","LTR",0,0,21
"912","MLT1E1","ERVL-MaLR","LTR",160,105,17
"913","MLT1E1A-int","ERVL-MaLR","LTR",10,23,0
"914","MLT1E1A","ERVL-MaLR","LTR",746,875,294
"915","MLT1E2-int","ERVL-MaLR","LTR",25,67,30
"916","MLT1E2","ERVL-MaLR","LTR",677,862,379
"917","MLT1E3-int","ERVL-MaLR","LTR",0,12,0
"918","MLT1E3","ERVL-MaLR","LTR",207,244,58
"919","MLT1E","ERVL-MaLR","LTR",471,95,108
"920","MLT1F-int","ERVL-MaLR","LTR",39,99,10
"921","MLT1F1-int","ERVL-MaLR","LTR",14,11,0
"922","MLT1F1","ERVL-MaLR","LTR",466,789,139
"923","MLT1F2-int","ERVL-MaLR","LTR",65,101,20
"924","MLT1F2","ERVL-MaLR","LTR",1113,1437,763
"925","MLT1F","ERVL-MaLR","LTR",808,946,348
"926","MLT1G-int","ERVL-MaLR","LTR",26,20,15
"927","MLT1G1-int","ERVL-MaLR","LTR",13,17,13
"928","MLT1G1","ERVL-MaLR","LTR",711,908,353
"929","MLT1G3-int","ERVL-MaLR","LTR",31,104,10
"930","MLT1G3","ERVL-MaLR","LTR",278,375,425
"931","MLT1G","ERVL-MaLR","LTR",485,634,281
"932","MLT1H-int","ERVL-MaLR","LTR",1239,1020,1278
"933","MLT1H1-int","ERVL-MaLR","LTR",15,35,13
"934","MLT1H1","ERVL-MaLR","LTR",519,648,82
"935","MLT1H2-int","ERVL-MaLR","LTR",59,18,0
"936","MLT1H2","ERVL-MaLR","LTR",553,810,152
"937","MLT1H","ERVL-MaLR","LTR",1625,1859,648
"938","MLT1I-int","ERVL-MaLR","LTR",123,170,58
"939","MLT1I","ERVL-MaLR","LTR",1277,1653,883
"940","MLT1J-int","ERVL-MaLR","LTR",128,197,83
"941","MLT1J1-int","ERVL-MaLR","LTR",52,62,52
"942","MLT1J1","ERVL-MaLR","LTR",625,661,270
"943","MLT1J2-int","ERVL-MaLR","LTR",119,53,0
"944","MLT1J2","ERVL-MaLR","LTR",829,1029,304
"945","MLT1J","ERVL-MaLR","LTR",1819,2428,1694
"946","MLT1K-int","ERVL-MaLR","LTR",0,10,11
"947","MLT1K","ERVL-MaLR","LTR",3668,4366,8728
"948","MLT1L-int","ERVL-MaLR","LTR",2,3,8
"949","MLT1L","ERVL-MaLR","LTR",3489,4235,13999
"950","MLT1M-int","ERVL-MaLR","LTR",0,0,0
"951","MLT1M","ERVL-MaLR","LTR",469,521,158
"952","MLT1N2-int","ERVL-MaLR","LTR",0,1,0
"953","MLT1N2","ERVL-MaLR","LTR",742,1143,370
"954","MLT1O-int","ERVL-MaLR","LTR",0,1,0
"955","MLT1O","ERVL-MaLR","LTR",861,1006,662
"956","MLT2A1","ERVL","LTR",448,550,1428
"957","MLT2A2","ERVL","LTR",446,465,388
"958","MLT2B1","ERVL","LTR",728,793,263
"959","MLT2B2","ERVL","LTR",320,320,97
"960","MLT2B3","ERVL","LTR",661,1002,782
"961","MLT2B4","ERVL","LTR",4136,4590,8370
"962","MLT2B5","ERVL","LTR",2,18,2
"963","MLT2C1","ERVL","LTR",347,569,596
"964","MLT2C2","ERVL","LTR",183,188,805
"965","MLT2D","ERVL","LTR",744,800,173
"966","MLT2E","ERVL","LTR",21,35,15
"967","MLT2F","ERVL","LTR",295,230,125
"968","MSR1","Satellite","Satellite",104,481,227
"969","MST-int","ERVL-MaLR","LTR",13,1,23
"970","MSTA-int","ERVL-MaLR","LTR",797,1023,339
"971","MSTA1-int","ERVL-MaLR","LTR",4,1,7
"972","MSTA1","ERVL-MaLR","LTR",19,36,0
"973","MSTA","ERVL-MaLR","LTR",2514,2965,948
"974","MSTB-int","ERVL-MaLR","LTR",661,706,73
"975","MSTB1-int","ERVL-MaLR","LTR",31,24,7
"976","MSTB1","ERVL-MaLR","LTR",677,1053,1164
"977","MSTB2-int","ERVL-MaLR","LTR",23,122,0
"978","MSTB2","ERVL-MaLR","LTR",182,235,123
"979","MSTB","ERVL-MaLR","LTR",1842,2712,2083
"980","MSTC-int","ERVL-MaLR","LTR",292,600,398
"981","MSTC","ERVL-MaLR","LTR",810,1632,742
"982","MSTD-int","ERVL-MaLR","LTR",137,140,138
"983","MSTD","ERVL-MaLR","LTR",1365,2737,1238
"984","MamGyp-int","Gypsy","LTR",169,218,59
"985","MamGypLTR1a","Gypsy","LTR",121,101,110
"986","MamGypLTR1b","Gypsy","LTR",387,448,341
"987","MamGypLTR1c","Gypsy","LTR",81,100,21
"988","MamGypLTR1d","Gypsy","LTR",65,114,53
"989","MamGypLTR2b","Gypsy","LTR",167,280,15
"990","MamGypLTR2c","Gypsy","LTR",63,67,50
"991","MamGypLTR3","Gypsy","LTR",115,166,270
"992","MamGypLTR3a","Gypsy","LTR",251,169,247
"993","MamGypLTR4","Gypsy","LTR",36,67,48
"994","MamGypsy2-I","Gypsy","LTR",279,396,96
"995","MamGypsy2-LTR","Gypsy","LTR",47,52,22
"996","MamRTE1","RTE-BovB","LINE",1387,1724,541
"997","MamRTE2","RTE-BovB","LINE",8,2,0
"998","MamRep1151","LTR","LTR?",164,265,623
"999","MamRep137","TcMar-Tigger","DNA",203,335,455
"1000","MamRep1527","LTR","LTR",190,231,86
"1001","MamRep1879","hAT-Tip100","DNA",162,235,586
"1002","MamRep1894","hAT-Tip100","DNA",52,122,10
"1003","MamRep38","hAT-Tip100","DNA",318,365,515
"1004","MamRep4096","hAT-Tip100","DNA",140,121,75
"1005","MamRep434","TcMar-Tigger","DNA",425,566,563
"1006","MamRep488","hAT-Tip100","DNA",21,36,10
"1007","MamRep564","MamRep564","Unknown",76,82,12
"1008","MamRep605","LTR","LTR?",560,1084,645
"1009","MamRep605b","LTR","LTR?",337,418,91
"1010","MamTip1","hAT-Tip100","DNA",132,153,67
"1011","MamTip1b","hAT-Tip100","DNA",19,51,1
"1012","MamTip2","hAT-Tip100","DNA",447,494,125
"1013","MamTip2b","hAT-Tip100","DNA",693,1049,309
"1014","MamTip3","hAT-Tip100","DNA",107,121,22
"1015","MamTip3B","hAT-Tip100","DNA",79,170,40
"1016","Mam_R4","Dong-R4","LINE",69,51,3
"1017","Merlin1_HS","Merlin","DNA",6,1,0
"1018","ORSL-2a","hAT-Tip100","DNA",31,32,5
"1019","ORSL-2b","hAT-Tip100","DNA",133,89,24
"1020","ORSL","hAT-Tip100","DNA",116,174,78
"1021","OldhAT-N1a","hAT","DNA",0,0,0
"1022","OldhAT-N1b","hAT","DNA",0,0,0
"1023","OldhAT-N1c","hAT","DNA",0,0,0
"1024","OldhAT1","hAT-Ac","DNA",407,550,241
"1025","PABL_A-int","ERV1","LTR",72,141,9
"1026","PABL_A","ERV1","LTR",30,94,18
"1027","PABL_B-int","ERV1","LTR",61,16,0
"1028","PABL_B","ERV1","LTR",31,24,32
"1029","PRIMA4-int","ERV1","LTR",41,67,16
"1030","PRIMA41-int","ERV1","LTR",139,65,20
"1031","PRIMA4_LTR","ERV1","LTR",60,79,11
"1032","PRIMAX-int","ERV1","LTR",0,0,7
"1033","Penelope1_Vert","Penelope","LINE",190,162,376
"1034","Plat_L3","CR1","LINE",520,564,859
"1035","PrimLTR79","ERV1","LTR",0,2,0
"1036","REP522","telo","Satellite",78,68,0
"1037","Ricksha","MULE-MuDR","DNA",24,36,18
"1038","Ricksha_0","MULE-MuDR","DNA",31,21,6
"1039","Ricksha_a","MULE-MuDR","DNA",14,3,12
"1040","Ricksha_b","MULE-MuDR","DNA",13,19,0
"1041","Ricksha_c","MULE-MuDR","DNA",27,71,3
"1042","SATR1","Satellite","Satellite",409,288,224
"1043","SATR2","Satellite","Satellite",134,185,6
"1044","SST1","centr","Satellite",17,44,0
"1045","SVA_A","SVA","Retroposon",2009,2128,1317
"1046","SVA_B","SVA","Retroposon",118,221,76
"1047","SVA_C","SVA","Retroposon",0,10,0
"1048","SVA_D","SVA","Retroposon",130,199,76
"1049","TAR1","telo","Satellite",5,6,0
"1050","THE1-int","ERVL-MaLR","LTR",2,33,1
"1051","THE1A-int","ERVL-MaLR","LTR",639,1317,279
"1052","THE1A","ERVL-MaLR","LTR",625,1468,256
"1053","THE1B-int","ERVL-MaLR","LTR",1685,1899,477
"1054","THE1B","ERVL-MaLR","LTR",3938,4588,2464
"1055","THE1C-int","ERVL-MaLR","LTR",450,540,235
"1056","THE1C","ERVL-MaLR","LTR",2478,2724,1322
"1057","THE1D-int","ERVL-MaLR","LTR",662,1030,318
"1058","THE1D","ERVL-MaLR","LTR",2626,2872,3614
"1059","Tigger10","TcMar-Tigger","DNA",222,444,96
"1060","Tigger11a","TcMar-Tigger","DNA",62,54,123
"1061","Tigger12","TcMar-Tigger","DNA",130,109,18
"1062","Tigger12A","TcMar-Tigger","DNA",95,44,37
"1063","Tigger12c","TcMar-Tigger","DNA",43,46,35
"1064","Tigger13a","TcMar-Tigger","DNA",721,647,954
"1065","Tigger14a","TcMar-Tigger","DNA",87,68,10
"1066","Tigger15a","TcMar-Tigger","DNA",824,1153,437
"1067","Tigger16a","TcMar-Tigger","DNA",3336,4811,13479
"1068","Tigger16b","TcMar-Tigger","DNA",128,192,6427
"1069","Tigger17","TcMar-Tigger","DNA",0,0,0
"1070","Tigger17a","TcMar-Tigger","DNA",658,649,201
"1071","Tigger17b","TcMar-Tigger","DNA",13,11,2
"1072","Tigger17c","TcMar-Tigger","DNA",127,197,622
"1073","Tigger17d","TcMar-Tigger","DNA",40,41,1
"1074","Tigger18a","TcMar-Tigger","DNA",83,136,24
"1075","Tigger19a","TcMar-Tigger","DNA",367,661,10284
"1076","Tigger19b","TcMar-Tigger","DNA",285,481,263
"1077","Tigger1","TcMar-Tigger","DNA",3840,3723,2325
"1078","Tigger1a_Art","TcMar-Tigger","DNA",40,15,4
"1079","Tigger1a_Mars","TcMar-Tigger","DNA",4,0,0
"1080","Tigger20a","TcMar-Tigger","DNA",191,413,234
"1081","Tigger21a","TcMar-Tigger","DNA",16,7,0
"1082","Tigger22N1","TcMar-Tigger","DNA",166,91,37
"1083","Tigger23a","TcMar-Tigger","DNA",98,257,38
"1084","Tigger2","TcMar-Tigger","DNA",566,842,409
"1085","Tigger2a","TcMar-Tigger","DNA",692,610,598
"1086","Tigger2b_Pri","TcMar-Tigger","DNA",171,158,50
"1087","Tigger3","TcMar-Tigger","DNA",206,278,58
"1088","Tigger3a","TcMar-Tigger","DNA",2829,5436,9767
"1089","Tigger3b","TcMar-Tigger","DNA",1226,1780,533
"1090","Tigger3c","TcMar-Tigger","DNA",367,507,265
"1091","Tigger3d","TcMar-Tigger","DNA",17,59,0
"1092","Tigger4","TcMar-Tigger","DNA",473,380,160
"1093","Tigger4a","TcMar-Tigger","DNA",472,431,88
"1094","Tigger4b","TcMar-Tigger","DNA",231,211,236
"1095","Tigger5","TcMar-Tigger","DNA",70,30,13
"1096","Tigger5b","TcMar-Tigger","DNA",128,132,31
"1097","Tigger6","TcMar-Tigger","DNA",7,24,19
"1098","Tigger6a","TcMar-Tigger","DNA",96,137,46
"1099","Tigger6b","TcMar-Tigger","DNA",20,3,0
"1100","Tigger7","TcMar-Tigger","DNA",281,528,192
"1101","Tigger8","TcMar-Tigger","DNA",143,53,13
"1102","Tigger9a","TcMar-Tigger","DNA",64,56,11
"1103","Tigger9b","TcMar-Tigger","DNA",67,179,32
"1104","UCON100","hAT-hAT19","DNA",0,0,0
"1105","UCON101","UCON101","Unknown",6,12,2
"1106","UCON103","LTR","LTR?",0,1,0
"1107","UCON105","hAT","DNA",130,134,47
"1108","UCON11","TcMar-Tigger","DNA",0,0,0
"1109","UCON12","UCON12","Unknown",9,3,0
"1110","UCON12A","UCON12A","Unknown",0,0,0
"1111","UCON14","DNA","DNA",0,0,10
"1112","UCON15","hAT-Ac","DNA",1,0,11
"1113","UCON16","UCON16","Unknown",0,0,0
"1114","UCON17","UCON17","Unknown",3,19,0
"1115","UCON18","UCON18","Unknown",0,7,0
"1116","UCON19","UCON19","Unknown",0,8,6
"1117","UCON1","UCON1","Unknown",24,59,0
"1118","UCON20","UCON20","Unknown",0,7,0
"1119","UCON21","DNA","DNA",0,1,14
"1120","UCON22","UCON22","Unknown",5,5,5
"1121","UCON23","hAT-Tip100","DNA",4,1,0
"1122","UCON24","UCON24","Unknown",0,2,0
"1123","UCON25","UCON25","Unknown",0,1,0
"1124","UCON26","hAT-Ac","DNA",34,38,0
"1125","UCON28a","UCON28a","Unknown",4,4,7
"1126","UCON28b","UCON28b","Unknown",0,12,0
"1127","UCON28c","UCON28c","Unknown",10,16,0
"1128","UCON29","Kolobok","DNA",4,18,18
"1129","UCON2","DNA","DNA",6,13,0
"1130","UCON31","UCON31","Unknown",2,11,0
"1131","UCON33","TcMar-Tigger","DNA",32,40,82
"1132","UCON34","hAT-Charlie","DNA",14,51,8
"1133","UCON35","DNA","DNA",0,9,0
"1134","UCON37","hAT-Ac","DNA",1,5,0
"1135","UCON38","hAT-Charlie","DNA",21,21,0
"1136","UCON39","TcMar-Tigger","DNA",13,11,0
"1137","UCON40","TcMar-Mariner","DNA",1,11,0
"1138","UCON41","UCON41","Unknown",471,838,382
"1139","UCON44","TcMar-Tigger","DNA",23,29,19
"1140","UCON47","UCON47","Unknown",9,12,5
"1141","UCON48","UCON48","Unknown",3,10,11
"1142","UCON4","DNA","DNA",25,72,0
"1143","UCON51","LTR","LTR?",0,0,0
"1144","UCON55","TcMar-Tigger","DNA",117,51,224
"1145","UCON56","UCON56","Unknown",8,0,0
"1146","UCON57","UCON57","Unknown",0,0,0
"1147","UCON58","DNA","DNA",11,18,11
"1148","UCON59","DNA","DNA",0,3,0
"1149","UCON5","UCON5","Unknown",7,10,0
"1150","UCON60","UCON60","Unknown",0,0,0
"1151","UCON61","UCON61","Unknown",0,2,0
"1152","UCON62","DNA","DNA",0,0,0
"1153","UCON63","UCON63","Unknown",0,0,0
"1154","UCON64","UCON64","Unknown",1,3,0
"1155","UCON65","UCON65","Unknown",0,0,0
"1156","UCON66","UCON66","Unknown",11,9,0
"1157","UCON67","UCON67","Unknown",0,1,0
"1158","UCON68","UCON68","Unknown",0,0,0
"1159","UCON6","UCON6","Unknown",14,11,0
"1160","UCON70","UCON70","Unknown",0,7,0
"1161","UCON71","UCON71","Unknown",16,1,10
"1162","UCON73","hAT","DNA",49,66,34
"1163","UCON75","UCON75","Unknown",0,0,0
"1164","UCON76","UCON76","Unknown",11,14,15
"1165","UCON78","DNA","DNA",36,10,0
"1166","UCON7","DNA","DNA",17,63,0
"1167","UCON80","hAT-Blackjack","DNA",2,6,0
"1168","UCON81","hAT-Charlie","DNA",1,1,0
"1169","UCON83","DNA","DNA",0,2,0
"1170","UCON84","UCON84","Unknown",57,90,18
"1171","UCON85","UCON85","Unknown",10,2,0
"1172","UCON86","L2","LINE",21,4,0
"1173","UCON87","UCON87","Unknown",0,0,0
"1174","UCON87B","UCON87B","Unknown",0,7,0
"1175","UCON88","UCON88","Unknown",28,38,0
"1176","UCON89","hAT","DNA",0,0,0
"1177","UCON8","DNA","DNA",7,6,25
"1178","UCON92","UCON92","Unknown",0,0,0
"1179","UCON93","UCON93","Unknown",0,3,0
"1180","UCON94","UCON94","Unknown",0,0,0
"1181","UCON96","UCON96","Unknown",0,1,0
"1182","UCON97","DNA","DNA",0,0,0
"1183","UCON99","Helitron","RC?",4,4,0
"1184","UCON9","UCON9","Unknown",83,220,104
"1185","UCON9B","UCON9B","Unknown",11,3,12
"1186","X10b_DNA","TcMar-Tigger","DNA",3,14,0
"1187","X11_DNA","TcMar-Tigger","DNA",16,17,10
"1188","X12_DNA","TcMar-Tigger","DNA",74,91,38
"1189","X12_LINE","I-Jockey","LINE",13,10,10
"1190","X13_LINE","L2","LINE",6,13,1
"1191","X15_LINE","L2","LINE",69,26,17
"1192","X17_LINE","CR1","LINE",134,272,97
"1193","X1_DNA","TcMar-Tigger","DNA",73,45,4
"1194","X1_LINE","CR1","LINE",3,10,0
"1195","X1_LR","Gypsy","LTR",0,0,0
"1196","X20_LINE","CR1","LINE",15,32,39
"1197","X21_LINE","CR1","LINE",1,5,13
"1198","X22_DNA","TcMar","DNA",0,0,0
"1199","X23_DNA","DNA","DNA",2,31,7
"1200","X24_DNA","DNA","DNA",3,26,0
"1201","X24_LINE","L2","LINE",39,34,13
"1202","X26_DNA","TcMar-Tigger","DNA",105,109,90
"1203","X2_LINE","CR1","LINE",17,59,9
"1204","X2a_DNA","DNA","DNA",7,8,0
"1205","X2b_DNA","DNA","DNA",0,1,0
"1206","X30_DNA","DNA","DNA",61,45,65
"1207","X32_DNA","TcMar-Tc1","DNA",7,15,3
"1208","X33a_DNA","TcMar-Tc1","DNA",0,3,0
"1209","X34_DNA","DNA","DNA",82,78,0
"1210","X4a_DNA","TcMar-Tigger","DNA",4,6,4
"1211","X4b_DNA","TcMar-Tigger","DNA",268,525,1168
"1212","X5B_LINE","CR1","LINE",0,8,0
"1213","X5a_DNA","TcMar-Tigger","DNA",36,24,12
"1214","X6A_LINE","CR1","LINE",163,190,55
"1215","X6a_DNA","TcMar-Tigger","DNA",64,108,27
"1216","X6b_DNA","TcMar-Tigger","DNA",72,96,77
"1217","X7A_LINE","CR1","LINE",54,80,20
"1218","X7B_LINE","CR1","LINE",36,105,0
"1219","X7C_LINE","CR1","LINE",213,560,570
"1220","X7D_LINE","CR1","LINE",7,20,4
"1221","X8_LINE","CR1","LINE",5,13,0
"1222","X9_LINE","L1","LINE",3125,3573,2542
"1223","X9a_DNA","DNA","DNA",136,54,0
"1224","X9b_DNA","TcMar-Tigger","DNA",24,77,0
"1225","Zaphod2","hAT-Tip100","DNA",30,72,2
"1226","Zaphod3","hAT-Tip100","DNA",119,137,4
"1227","Zaphod4a","hAT-Tip100","DNA",18,37,4
"1228","Zaphod5a","hAT-Tip100","DNA",15,1,13
"1229","Zaphod5b","hAT-Tip100","DNA",2,17,0
"1230","Zaphod","hAT-Tip100","DNA",445,545,178
"1231","gaacgctttgttgatattgataaatttagagttgcttttcaatttatgc","Unspecified","Unspecified",0,0,0
"1232","hAT-1_Mam","hAT-Tag1","DNA",274,213,20
"1233","hAT-4b_Ther","hAT-Tip100","DNA",19,27,20
"1234","hAT-5_Mam","hAT-Tag1","DNA",217,154,425
"1235","hAT-N1_Mam","hAT-Tip100","DNA",4,3,0
"1236","hAT-N1a_Mam","hAT-Tip100","DNA",46,36,11
